,,,※特に指定のないレジスタは汎用レジスタ,,,,,,,,,,,,,,,,,,,,,,,,,,,,,,,,,,
,,,※フラグが生成されない命令の後、フラグはすべておろした状態(00000)となります。,,,,,,,,,,,,,,,,,,,,,,,,,,,,,,,,,,
,,,,,,,,,,,,,,,,,,,,,,,,,,,,,,,,,,,,,
,,,,,,,,,,,,,,まだ対応なし,,,,,,,,,,,,,,,,,,,,,,,
Addr[Hex],Addr[Dec],Type-E,Unit,Instruction,Immediate(Displacement),Mnemonic,Opcode,FMT1(Operand/Disp),FMT2(Imm),Operation,Flag,AFE-FMT1,AFE-FMT2(Imm),Auth,Trap,Trap Condition,Note,,,,,,,,,,,,,,,,,,,,
000,0,○,integer,add,符号拡張,ADD,0000000000,O2,I11,Rd = Rd + Rs,,,,,,,,,,,,,,,,,,,,,,,,,,,
001,1,○,,sub,符号拡張,SUB,0000000001,O2,I11,Rd = Rd - Rs,,,,,,,,,,,,,,,,,,,,,,,,,,,
002,2,○,,mul output Low 32bit,符号拡張,MULL,0000000010,O2,I11,Rd = (Rd * Rs) & 0xFFFFFFFF,,,,,,,,,,,,,,,,,,,,,,,,,,,
003,3,○,,mul output High 32bit,符号拡張,MULH,0000000011,O2,I11,Rd = (Rd * Rs) >> 32,,,,,,,,,,,,,,,,,,,,,,,,,,,
004,4,,,unsigned div,,UDIV,0000000100,O2,I11,Rd = Rd / Rs,,,,,4,0割の時（結果は0）,,,,,,,,,,,,,,,,,,,,,
005,5,,,unsigned mod,,UMOD,0000000101,O2,I11,Rd = Rd % Rs,,,,,4,0割の時（結果は0）,,,,,,,,,,,,,,,,,,,,,
006,6,○,,cmp,符号拡張,CMP,0000000110,O2,I11,"FLAGR = flags(Rd, Rs)",,,,,,,SUBを行ない、結果を破棄しフラグのみ更新,,,,,,,,,,,,,,,,,,,,
007,7,,,signed div,符号拡張,DIV,0000000111,O2,I11,Rd = Rd / Rs,,,,,4,0割の時（結果は0）,,,,,,,,,,,,,,,,,,,,,
008,8,,,signed mod,符号拡張,MOD,0000001000,O2,I11,Rd = Rd % Rs,,,,,4,0割の時（結果は0）,,,,,,,,,,,,,,,,,,,,,
009,9,,,Sign Negative,,NEG,0000001001,O2,,Rd = neg(Rs),フラグを発生しない,,,,,,,,,,,,,,,,,,,,,,,,,,
00A,10,○,,unsigned mul output low 32bit,,UMULL,0000001010,O2,I11,,,,,,,,,,,,,,,,,,,,,,,,,,,,
00B,11,○,,unsigned mul output high 32bit,,UMULH,0000001011,O2,I11,,,,,,,,,,,,,,,,,,,,,,,,,,,,
00C,12,,,,,,0000001100,,,,,,,,,,,,,,,,,,,,,,,,,,,,,,
00D,13,,,increment(Cary Output),,IC,0000001101,O2,,Rd = cary_output(Rs + 1),,,,,,,,,,,,,,,,,,,,,,,,,,,
00E,14,○,,add cary output,符号拡張,ADDC,0000001110,O2,I11,Rd = cary_output(Rd + Rs),,,,,,,,,,,,,,,,,,,,,,,,,,,
00F,15,,,,,,0000001111,,,,,,,,,,,,,,,,,,,,,,,,,,,,,,
010,16,○,,Inc,,INC,0000010000,O2,,Rd = Rs + 1,,,,,,,,,,,,,,,,,,,,,,,,,,,
011,17,○,,Dec,,DEC,0000010001,O2,,Rd = Rs - 1,,,,,,,,,,,,,,,,,,,,,,,,,,,
012,18,,,,,,0000010010,,,,,,,,,,,,,,,,,,,,,,,,,,,,,,
013,19,,,signed Maximum,,MAX,0000010011,O2,I11,Rd = (Rd >= Rs)? Rd : Rs,フラグを発生しない,,,,,,,,,,,,,,,,,,,,,,,,,,
014,20,,,signed Minimum,,MIN,0000010100,O2,I11,Rd = (Rd <= Rs)? Rd : Rs,フラグを発生しない,,,,,,,,,,,,,,,,,,,,,,,,,,
015,21,,,unsigned Maximum,,UMAX,0000010101,O2,I11,Rd = (Rd >= Rs)? Rd : Rs,フラグを発生しない,,,,,,,,,,,,,,,,,,,,,,,,,,
016,22,,,unsigned Minimum,,UMIN,0000010110,O2,I11,Rd = (Rd <= Rs)? Rd : Rs,フラグを発生しない,,,,,,,,,,,,,,,,,,,,,,,,,,
017,23,,,,,,0000010111,,,,,,,,,,,,,,,,,,,,,,,,,,,,,,
018,24,,,,,,0000011000,,,,,,,,,,,,,,,,,,,,,,,,,,,,,,
019,25,,,,,,0000011001,,,,,,,,,,,,,,,,,,,,,,,,,,,,,,
01A,26,,,,,,0000011010,,,,,,,,,,,,,,,,,,,,,,,,,,,,,,
01B,27,,,,,,0000011011,,,,,,,,,,,,,,,,,,,,,,,,,,,,,,
01C,28,○,,Sign Extension8->32,,SEXT8,0000011100,O2,,Rd = Sign Extension8->32(Rs),フラグを発生しない,,,,,,,,,,,,,,,,,,,,,,,,,,
01D,29,○,,Sign Extension16->32,,SEXT16,0000011101,O2,,Rd = Sign Extension16->32(Rs),フラグを発生しない,,,,,,,,,,,,,,,,,,,,,,,,,,
01E,30,,,,,,0000011110,,,,,,,,,,,,,,,,,,,,,,,,,,,,,,
01F,31,,,,,,0000011111,,,,,,,,,,,,,,,,,,,,,,,,,,,,,,
020,32,,Reserved,,,,0000100000,,,,,,,,,,,,,,,,,,,,,,,,,,,,,,
021,33,,,,,,0000100001,,,,,,,,,,,,,,,,,,,,,,,,,,,,,,
022,34,,,,,,0000100010,,,,,,,,,,,,,,,,,,,,,,,,,,,,,,
023,35,,,,,,0000100011,,,,,,,,,,,,,,,,,,,,,,,,,,,,,,
024,36,,,,,,0000100100,,,,,,,,,,,,,,,,,,,,,,,,,,,,,,
025,37,,,,,,0000100101,,,,,,,,,,,,,,,,,,,,,,,,,,,,,,
026,38,,,,,,0000100110,,,,,,,,,,,,,,,,,,,,,,,,,,,,,,
027,39,,,,,,0000100111,,,,,,,,,,,,,,,,,,,,,,,,,,,,,,
028,40,,,,,,0000101000,,,,,,,,,,,,,,,,,,,,,,,,,,,,,,
029,41,,,,,,0000101001,,,,,,,,,,,,,,,,,,,,,,,,,,,,,,
02A,42,,,,,,0000101010,,,,,,,,,,,,,,,,,,,,,,,,,,,,,,
02B,43,,,,,,0000101011,,,,,,,,,,,,,,,,,,,,,,,,,,,,,,
02C,44,,,,,,0000101100,,,,,,,,,,,,,,,,,,,,,,,,,,,,,,
02D,45,,,,,,0000101101,,,,,,,,,,,,,,,,,,,,,,,,,,,,,,
02E,46,,,,,,0000101110,,,,,,,,,,,,,,,,,,,,,,,,,,,,,,
02F,47,,,,,,0000101111,,,,,,,,,,,,,,,,,,,,,,,,,,,,,,
030,48,,,,,,0000110000,,,,,,,,,,,,,,,,,,,,,,,,,,,,,,
031,49,,,,,,0000110001,,,,,,,,,,,,,,,,,,,,,,,,,,,,,,
032,50,,,,,,0000110010,,,,,,,,,,,,,,,,,,,,,,,,,,,,,,
033,51,,,,,,0000110011,,,,,,,,,,,,,,,,,,,,,,,,,,,,,,
034,52,,,,,,0000110100,,,,,,,,,,,,,,,,,,,,,,,,,,,,,,
035,53,,,,,,0000110101,,,,,,,,,,,,,,,,,,,,,,,,,,,,,,
036,54,,,,,,0000110110,,,,,,,,,,,,,,,,,,,,,,,,,,,,,,
037,55,,,,,,0000110111,,,,,,,,,,,,,,,,,,,,,,,,,,,,,,
038,56,,,,,,0000111000,,,,,,,,,,,,,,,,,,,,,,,,,,,,,,
039,57,,,,,,0000111001,,,,,,,,,,,,,,,,,,,,,,,,,,,,,,
03A,58,,,,,,0000111010,,,,,,,,,,,,,,,,,,,,,,,,,,,,,,
03B,59,,,,,,0000111011,,,,,,,,,,,,,,,,,,,,,,,,,,,,,,
03C,60,,,,,,0000111100,,,,,,,,,,,,,,,,,,,,,,,,,,,,,,
03D,61,,,,,,0000111101,,,,,,,,,,,,,,,,,,,,,,,,,,,,,,
03E,62,,,,,,0000111110,,,,,,,,,,,,,,,,,,,,,,,,,,,,,,
03F,63,,,,,,0000111111,,,,,,,,,,,,,,,,,,,,,,,,,,,,,,
040,64,○,Shift,logic shift left,,SHL,0001000000,O2,I11,Rd = Rd<<Rs,最後に追い出されたビットをCFに設定、OFは常にゼロクリア,,,,1,64以上シフトした場合,,,,,,,,,,,,,,,,,,,,,
041,65,○,,logic shift right,,SHR,0001000001,O2,I11,Rd = Rd>>Rs,最後に追い出されたビットをCFに設定、OFは常にゼロクリア,,,,1,64以上シフトした場合,,,,,,,,,,,,,,,,,,,,,
042,66,,,,,,0001000010,,,,,,,,,,,,,,,,,,,,,,,,,,,,,,
043,67,,,,,,0001000011,,,,,,,,,,,,,,,,,,,,,,,,,,,,,,
044,68,,,,,,0001000100,,,,,,,,,,,,,,,,,,,,,,,,,,,,,,
045,69,○,,alithmetic shift right,,SAR,0001000101,O2,I11,Rd = Rd>>>Rs,最後に追い出されたビットをCFに設定、OFは常にゼロクリア,,,,1,64以上シフトした場合,,,,,,,,,,,,,,,,,,,,,
046,70,,,,,,0001000110,,,,,,,,,,,,,,,,,,,,,,,,,,,,,,
047,71,,,,,,0001000111,,,,,,,,,,,,,,,,,,,,,,,,,,,,,,
048,72,,,rotate shift left,,ROL,0001001000,O2,I11,"Rd = ROL(Rd, Rs)",最後に追い出されたビットをCFに設定(0bit目に入るビットと同じ)、OFは常にゼロクリア,,,,1,64以上シフトした場合,,,,,,,,,,,,,,,,,,,,,
049,73,,,rotate shift right,,ROR,0001001001,O2,I11,"Rd = ROR(Rd, Rs)",最後に追い出されたビットをCFに設定(31bit目に入るビットと同じ)、OFは常にゼロクリア,,,,1,64以上シフトした場合,,,,,,,,,,,,,,,,,,,,,
04A,74,,,,,,0001001010,,,,,,,,,,,,,,,,,,,,,,,,,,,,,,
04B,75,,,,,,0001001011,,,,,,,,,,,,,,,,,,,,,,,,,,,,,,
04C,76,,,,,,0001001100,,,,,,,,,,,,,,,,,,,,,,,,,,,,,,
04D,77,,,,,,0001001101,,,,,,,,,,,,,,,,,,,,,,,,,,,,,,
04E,78,,,,,,0001001110,,,,,,,,,,,,,,,,,,,,,,,,,,,,,,
04F,79,,,,,,0001001111,,,,,,,,,,,,,,,,,,,,,,,,,,,,,,
050,80,,,,,,0001010000,,,,,,,,,,,,,,,,,,,,,,,,,,,,,,
051,81,,,,,,0001010001,,,,,,,,,,,,,,,,,,,,,,,,,,,,,,
052,82,,,,,,0001010010,,,,,,,,,,,,,,,,,,,,,,,,,,,,,,
053,83,,,,,,0001010011,,,,,,,,,,,,,,,,,,,,,,,,,,,,,,
054,84,,,,,,0001010100,,,,,,,,,,,,,,,,,,,,,,,,,,,,,,
055,85,,,,,,0001010101,,,,,,,,,,,,,,,,,,,,,,,,,,,,,,
056,86,,,,,,0001010110,,,,,,,,,,,,,,,,,,,,,,,,,,,,,,
057,87,,,,,,0001010111,,,,,,,,,,,,,,,,,,,,,,,,,,,,,,
058,88,,,,,,0001011000,,,,,,,,,,,,,,,,,,,,,,,,,,,,,,
059,89,,,,,,0001011001,,,,,,,,,,,,,,,,,,,,,,,,,,,,,,
05A,90,,,,,,0001011010,,,,,,,,,,,,,,,,,,,,,,,,,,,,,,
05B,91,,,,,,0001011011,,,,,,,,,,,,,,,,,,,,,,,,,,,,,,
05C,92,,,,,,0001011100,,,,,,,,,,,,,,,,,,,,,,,,,,,,,,
05D,93,,,,,,0001011101,,,,,,,,,,,,,,,,,,,,,,,,,,,,,,
05E,94,,,,,,0001011110,,,,,,,,,,,,,,,,,,,,,,,,,,,,,,
05F,95,,,,,,0001011111,,,,,,,,,,,,,,,,,,,,,,,,,,,,,,
060,96,○,Logic,and,,AND,0001100000,O2,,Rd = Rd & Rs,,,,,,,,,,,,,,,,,,,,,,,,,,,
061,97,○,,or,,OR,0001100001,O2,,Rd = Rd | Rs,,,,,,,,,,,,,,,,,,,,,,,,,,,
062,98,○,,xor,,XOR,0001100010,O2,,Rd = Rd ^ Rs,,,,,,,,,,,,,,,,,,,,,,,,,,,
063,99,○,,not,,NOT,0001100011,O2,,Rd = ~Rs,,,,,,,,,,,,,,,,,,,,,,,,,,,
064,100,○,,nand,,NAND,0001100100,O2,,Rd = ~(Rd & Rs),,,,,,,,,,,,,,,,,,,,,,,,,,,
065,101,○,,nor,,NOR,0001100101,O2,,Rd = ~(Rd | Rs),,,,,,,,,,,,,,,,,,,,,,,,,,,
066,102,○,,xnor,,XNOR,0001100110,O2,,Rd = ~(Rd ^ Rs),,,,,,,,,,,,,,,,,,,,,,,,,,,
067,103,○,,test,,TEST,0001100111,O2,,"FLAGR = flags(Rd, Rs)",,,,,,,,,,,,,,,,,,,,,,,,,,,
068,104,,,,,,0001101000,,,,,,,,,,,,,,,,,,,,,,,,,,,,,,
069,105,,,,,,0001101001,,,,,,,,,,,,,,,,,,,,,,,,,,,,,,
06A,106,○,,write 2Byte1/2（下位16ビット）,,WL16,0001101010,I16,,Rd = Rd & 0xFFFF0000 | Rs,フラグを発生しない,,,,,,,,,,,,,,,,,,,,,,,,,,
06B,107,○,,write 2Byte2/2（上位16ビット）,,WH16,0001101011,I16,,Rd = Rd & 0x0000FFFF | Rs << 16,フラグを発生しない,,,,,,,,,,,,,,,,,,,,,,,,,,
06C,108,○,,clear bit,,CLRB,0001101100,,I11,Rd = clb(Rs),フラグを発生しない,,,,,,,,,,,,,,,,,,,,,,,,,,
06D,109,○,,set bit,,SETB,0001101101,,I11,Rd = stb(Rs),フラグを発生しない,,,,,,,,,,,,,,,,,,,,,,,,,,
06E,110,○,,clear　word,,CLR,0001101110,O1,,Rd = 0x00000000,フラグを発生しない,,,,,,,,,,,,,,,,,,,,,,,,,,
06F,111,○,,set word,,SET,0001101111,O1,,Rd = 0xFFFFFFFF,フラグを発生しない,,,,,,,,,,,,,,,,,,,,,,,,,,
070,112,,,ビットリバース命令,,REVB,0001110000,O2,,Rd = rvbi(Rs),フラグを発生しない,,,,,,,,,,,,,,,,,,,,,,,,,,
071,113,,,バイトリバース命令,,REV8,0001110001,O2,,Rd = rvby(Rs),フラグを発生しない,,,,,,,,,,,,,,,,,,,,,,,,,,
072,114,,,Get Bit,,GETB,0001110010,O2,I11,Rd = (Rd >> Rs) & 0x00000001,フラグを発生しない,,,,,,,,,,,,,,,,,,,,,,,,,,
073,115,○,,Get Byte,,GET8,0001110011,O2,I11,Rd = (Rd >> Rs*8) & 0x000000FF,フラグを発生しない,,,,,,,,,,,,,,,,,,,,,,,,,,
074,116,,,,,,0001110100,,,,,,,,,,,,,,,,,,,,,,,,,,,,,,
075,117,,,,,,0001110101,,,,,,,,,,,,,,,,,,,,,,,,,,,,,,
076,118,○,,Signed Load Immediate(Low),,LIL,0001110110,,I16,Rd = SignExtension(Rs),フラグを発生しない,,,,,,,,,,,,,,,,,,,,,,,,,,
077,119,○,,Signed Load Immediate(High),,LIH,0001110111,,I16,Rd = Rs<<16,フラグを発生しない,,,,,,,,,,,,,,,,,,,,,,,,,,
078,120,,,,,,0001111000,,,,,,,,,,,,,,,,,,,,,,,,,,,,,,
079,121,,,,,,0001111001,,,,,,,,,,,,,,,,,,,,,,,,,,,,,,
07A,122,○,,Unsigned Load Immediate,,ULIL,0001111010,,I16,Rd = Rs,,,,,,,,,,,,,,,,,,,,,,,,,,,
07B,123,,,,,,0001111011,,,,フラグを発生しない,,,,,,,,,,,,,,,,,,,,,,,,,,
07C,124,,,,,,0001111100,,,,,,,,,,,,,,,,,,,,,,,,,,,,,,
07D,125,,,,,,0001111101,,,,,,,,,,,,,,,,,,,,,,,,,,,,,,
07E,126,,,,,,0001111110,,,,,,,,,,,,,,,,,,,,,,,,,,,,,,
07F,127,,,,,,0001111111,,,,,,,,,,,,,,,,,,,,,,,,,,,,,,
080,128,○,Memory Access,load register or immediate,,LD8,0010000000,O2,I11,"Rd = mask(MEMORY[Rs], 8)",フラグを発生しない,MA,MA,,2,メモリ保護違反の場合,,,,,,,,,,,,,,,,,,,,,
081,129,○,,load register or immediate,1bit左シフト,LD16,0010000001,O2,I11,"O2の時 : Rd = mask(MEMORY[Rs], 16) I11の時Rd = mask(MEMORY[Rs>>1], 16)",フラグを発生しない,MA,MA,,2,メモリ保護違反の場合,,,,,,,,,,,,,,,,,,,,,
082,130,○,,load register or immediate,2bit左シフト,LD32,0010000010,O2,I11,"O2の時 : Rd = mask(MEMORY[Rs], 16) I11の時Rd = mask(MEMORY[Rs>>2], 16)",フラグを発生しない,MA,MA,,2,メモリ保護違反の場合,,,,,,,,,,,,,,,,,,,,,
083,131,○,,store register or immediate,,ST8,0010000011,O2,I11,"MEMORY[Rs] = mask(Rd, 8)",フラグを発生しない,,,,2,メモリ保護違反の場合,,,,,,,,,,,,,,,,,,,,,
084,132,○,,store register or immediate,1bit左シフト,ST16,0010000100,O2,I11,"O2の時 : MEMORY[Rs] = mask(Rd, 16) I11の時 : MEMORY[Rs>>1] = mask(Rd, 16)",フラグを発生しない,,,,2,メモリ保護違反の場合,,,,,,,,,,,,,,,,,,,,,
085,133,○,,store register or immediate,2bit左シフト,ST32,0010000101,O2,I11,"O2の時 : MEMORY[Rs] = mask(Rd, 16) I11の時 : MEMORY[Rs>>2] = mask(Rd, 16)",フラグを発生しない,,,,2,メモリ保護違反の場合,,,,,,,,,,,,,,,,,,,,,
086,134,,,,,,0010000110,,,,,,,,,,,,,,,,,,,,,,,,,,,,,,
087,135,,,,,,0010000111,,,,,,,,,,,,,,,,,,,,,,,,,,,,,,
088,136,○,,push,符号拡張,PUSH,0010001000,O1,CI16,MEMORY[SPR] = Rd,フラグを発生しない,,,,2,メモリ保護違反の場合,,,,,,,,,,,,,,,,,,,,,
089,137,,,Program Counter Push,,PUSHPC,0010001001,C,,MEMORY[SPR] = PC + 8,フラグを発生しない,,,,2,メモリ保護違反の場合,,,,,,,,,,,,,,,,,,,,,
08A,138,,,Load(always use PDTR),,LD8U,0010001010,O2,I11,"Rd = mask(MEMORY[Rs], 8)",フラグを発生しない,,,カーネルモードのみ実行可能,"2,3",メモリ保護違反、特権違反,,,,,,,,,,,,,,,,,,,,,
08B,139,,,Load(always use PDTR),1bit左シフト,LD16U,0010001011,O2,I11,"O2の時 : Rd = mask(MEMORY[Rs], 16) I11の時Rd = mask(MEMORY[Rs>>1], 16)",フラグを発生しない,,,カーネルモードのみ実行可能,"2,3",メモリ保護違反、特権違反,,,,,,,,,,,,,,,,,,,,,
08C,140,,,Load(always use PDTR),2bit左シフト,LD32U,0010001100,O2,I11,"O2の時 : Rd = mask(MEMORY[Rs], 16) I11の時Rd = mask(MEMORY[Rs>>2], 16)",フラグを発生しない,,,カーネルモードのみ実行可能,"2,3",メモリ保護違反、特権違反,,,,,,,,,,,,,,,,,,,,,
08D,141,,,Store(always use PDTR),,ST8U,0010001101,O2,I11,"MEMORY[Rs] = mask(Rd, 8)",フラグを発生しない,,,カーネルモードのみ実行可能,"2,3",メモリ保護違反、特権違反,,,,,,,,,,,,,,,,,,,,,
08E,142,,,Store(always use PDTR),1bit左シフト,ST16U,0010001110,O2,I11,"O2の時 : MEMORY[Rs] = mask(Rd, 16) I11の時 : MEMORY[Rs>>1] = mask(Rd, 16)",フラグを発生しない,,,カーネルモードのみ実行可能,"2,3",メモリ保護違反、特権違反,,,,,,,,,,,,,,,,,,,,,
08F,143,,,Store(always use PDTR),2bit左シフト,ST32U,0010001111,O2,I11,"O2の時 : MEMORY[Rs] = mask(Rd, 16) I11の時 : MEMORY[Rs>>2] = mask(Rd, 16)",フラグを発生しない,,,カーネルモードのみ実行可能,"2,3",メモリ保護違反、特権違反,,,,,,,,,,,,,,,,,,,,,
090,144,○,,pop,,POP,0010010000,O1,,Rd = MEMORY[SPR],フラグを発生しない,,MA,,2,メモリ保護違反の場合,,,,,,,,,,,,,,,,,,,,,
091,145,,,,,,0010010001,,,,,,,,,,,,,,,,,,,,,,,,,,,,,,
092,146,,,,,,0010010010,,,,,,,,,,,,,,,,,,,,,,,,,,,,,,
093,147,,,,,,0010010011,,,,,,,,,,,,,,,,,,,,,,,,,,,,,,
094,148,,,,,,0010010100,,,,,,,,,,,,,,,,,,,,,,,,,,,,,,
095,149,,,,,,0010010101,,,,,,,,,,,,,,,,,,,,,,,,,,,,,,
096,150,,,,,,0010010110,,,,,,,,,,,,,,,,,,,,,,,,,,,,,,
097,151,,,,,,0010010111,,,,,,,,,,,,,,,,,,,,,,,,,,,,,,
098,152,,,,,,0010011000,,,,,,,,,,,,,,,,,,,,,,,,,,,,,,
099,153,,,,,,0010011001,,,,,,,,,,,,,,,,,,,,,,,,,,,,,,
09A,154,○,,with signed displacement,(符号拡張),LDD8,0010011010,O2,,"Rd = mask(MEMORY[Rs+displacement], 8)",フラグを発生しない,MA,,,2,メモリ保護違反の場合,,,,,,,,,,,,,,,,,,,,,
09B,155,○,,with signed displacement,1bit左シフト(符号拡張・1bit左シフト),LDD16,0010011011,O2,,"Rd = mask(MEMORY[Rs+displacement], 16)",フラグを発生しない,MA,,,2,メモリ保護違反の場合,,,,,,,,,,,,,,,,,,,,,
09C,156,○,,with signed displacement,2bit左シフト(符号拡張・2bit左シフト),LDD32,0010011100,O2,,"Rd = mask(MEMORY[Rs+displacement], 16)",フラグを発生しない,MA,,,2,メモリ保護違反の場合,,,,,,,,,,,,,,,,,,,,,
09D,157,○,,with signed displacement,(符号拡張),STD8,0010011101,O2,,"MEMORY[Rs] = mask(Rd+displacement, 8)",フラグを発生しない,,,,2,メモリ保護違反の場合,,,,,,,,,,,,,,,,,,,,,
09E,158,○,,with signed displacement,1bit左シフト(符号拡張・1bit左シフト),STD16,0010011110,O2,,"MEMORY[Rs] = mask(Rd+displacement, 16)",フラグを発生しない,,,,2,メモリ保護違反の場合,,,,,,,,,,,,,,,,,,,,,
09F,159,○,,with signed displacement,2bit左シフト(符号拡張・2bit左シフト),STD32,0010011111,O2,,"MEMORY[Rs] = mask(Rd+displacement, 16)",フラグを発生しない,,,,2,メモリ保護違反の場合,,,,,,,,,,,,,,,,,,,,,
0A0,160,○,Branch,(PC relative addressing) register or imm Unsigned!,2bit左シフト,BUR,0010100000,JO1,JI16,PC = PC + unsigned(Rd),フラグを発生しない,,,,2,メモリ保護違反の場合,Word Addressing,,,,,,,,,,,,,,,,,,,,
0A1,161,○,,(PC relative addressing) register or imm Signed!,2bit左シフト,BR,0010100001,JO1,JI16,PC = PC + signed(Rd),フラグを発生しない,,,,2,メモリ保護違反の場合,Word Addressing,,,,,,,,,,,,,,,,,,,,
0A2,162,○,,(direct addressing)register or immediate,2bit左シフト,B,0010100010,JO1,JI16,PC = unsigned(Rd),フラグを発生しない,,,,2,メモリ保護違反の場合,Word Addressing,,,,,,,,,,,,,,,,,,,,
0A3,163,○,,(IRQ Ret)(direct addressing)register or immediate(CC Non Suport ),2bit左シフト,IB,0010100011,C,,PC = unsigned(Rd),フラグを発生しない,,,,2,メモリ保護違反の場合,Word Addressing 割り込みルーチンからの復帰に使用(特権操作) CCはALしか対象外。それ以外は未定義,,,,,,,,,,,,,,,,,,,,
0A4,164,,,,,,0010100100,,,,,,,,,,,,,,,,,,,,,,,,,,,,,,
0A5,165,,,,,,0010100101,,,,,,,,,,,,,,,,,,,,,,,,,,,,,,
0A6,166,,,,,,0010100110,,,,,,,,,,,,,,,,,,,,,,,,,,,,,,
0A7,167,,,,,,0010100111,,,,,,,,,,,,,,,,,,,,,,,,,,,,,,
0A8,168,,,,,,0010101000,,,,,,,,,,,,,,,,,,,,,,,,,,,,,,
0A9,169,,,,,,0010101001,,,,,,,,,,,,,,,,,,,,,,,,,,,,,,
0AA,170,,,,,,0010101010,,,,,,,,,,,,,,,,,,,,,,,,,,,,,,
0AB,171,,,,,,0010101011,,,,,,,,,,,,,,,,,,,,,,,,,,,,,,
0AC,172,,,,,,0010101100,,,,,,,,,,,,,,,,,,,,,,,,,,,,,,
0AD,173,,,,,,0010101101,,,,,,,,,,,,,,,,,,,,,,,,,,,,,,
0AE,174,,,,,,0010101110,,,,,,,,,,,,,,,,,,,,,,,,,,,,,,
0AF,175,,,,,,0010101111,,,,,,,,,,,,,,,,,,,,,,,,,,,,,,
0B0,176,,,(PC relative addressing) register or imm Unsigned!,2bit左シフト,BURN,0010110000,JO1,JI16,PC = PC + unsigned(Rd),フラグを発生しない,,,,2,メモリ保護違反の場合,Word Addressing,,,,,,,,,,,,,,,,,,,,
0B1,177,,,(PC relative addressing) register or imm Signed!,2bit左シフト,BRN,0010110001,JO1,JI16,PC = PC + signed(Rd),フラグを発生しない,,,,2,メモリ保護違反の場合,Word Addressing,,,,,,,,,,,,,,,,,,,,
0B2,178,,,(direct addressing)register or immediate,2bit左シフト,BN,0010110010,JO1,JI16,PC = unsigned(Rd),フラグを発生しない,,,,2,メモリ保護違反の場合,Word Addressing,,,,,,,,,,,,,,,,,,,,
0B3,179,,,,,,0010110011,,,,,,,,,,,,,,,,,,,,,,,,,,,,,,
0B4,180,,,,,,0010110100,,,,,,,,,,,,,,,,,,,,,,,,,,,,,,
0B5,181,,,,,,0010110101,,,,,,,,,,,,,,,,,,,,,,,,,,,,,,
0B6,182,,,,,,0010110110,,,,,,,,,,,,,,,,,,,,,,,,,,,,,,
0B7,183,,,,,,0010110111,,,,,,,,,,,,,,,,,,,,,,,,,,,,,,
0B8,184,,,,,,0010111000,,,,,,,,,,,,,,,,,,,,,,,,,,,,,,
0B9,185,,,,,,0010111001,,,,,,,,,,,,,,,,,,,,,,,,,,,,,,
0BA,186,,,,,,0010111010,,,,,,,,,,,,,,,,,,,,,,,,,,,,,,
0BB,187,,,,,,0010111011,,,,,,,,,,,,,,,,,,,,,,,,,,,,,,
0BC,188,,,,,,0010111100,,,,,,,,,,,,,,,,,,,,,,,,,,,,,,
0BD,189,,,,,,0010111101,,,,,,,,,,,,,,,,,,,,,,,,,,,,,,
0BE,190,,,,,,0010111110,,,,,,,,,,,,,,,,,,,,,,,,,,,,,,
0BF,191,,,,,,0010111111,,,,,,,,,,,,,,,,,,,,,,,,,,,,,,
0C0,192,○,System Register Read,Stack Point Register Read,,SRSPR,0011000000,O1,,Rd = SPR,フラグを発生しない,,,,,,,,,,,,,,,,,,,,,,,,,,
0C1,193,,,PDTR Read,,SRPDTR,0011000001,O1,,Rd = PDTR,フラグを発生しない,,,,,,,,,,,,,,,,,,,,,,,,,,
0C2,194,,,CPU ID Read,,SRPIDR,0011000010,O1,,Rd = CPUIDR,フラグを発生しない,,,,,,,,,,,,,,,,,,,,,,,,,,
0C3,195,,,Core ID Read,,SRCIDR,0011000011,O1,,Rd = COREIDR,フラグを発生しない,,,,,,,,,,,,,,,,,,,,,,,,,,
0C4,196,,,Core Mode Read,,SRMODER,0011000100,O1,,Rd = mask(SR1),フラグを発生しない,,,,,,,,,,,,,,,,,,,,,,,,,,
0C5,197,○,,Interrupt Enable Information Read,,SRIEIR,0011000101,O1,,Rd = (PSR & 0x00000004) >> 2,フラグを発生しない,,,,,,1で許可,,,,,,,,,,,,,,,,,,,,
0C6,198,,,,,,0011000110,,,,,,,,,,,,,,,,,,,,,,,,,,,,,,
0C7,199,,,,,,0011000111,,,,,,,,,,,,,,,,,,,,,,,,,,,,,,
0C8,200,,,TISR Read ,,SRTISR,0011001000,O1,,Rd = TISR,フラグを発生しない,,,カーネルモードのみ実行可能,3,特権違反,,,,,,,,,,,,,,,,,,,,,
0C9,201,,,KPDTR,,SRKPDTR,0011001001,O1,,Rd = KPDTR,フラグを発生しない,,,カーネルモードのみ実行可能,3,特権違反,,,,,,,,,,,,,,,,,,,,,
0CA,202,,,MMU Mode Read,,SRMMUR,0011001010,O1,,Rd = mask(SR1),フラグを発生しない,,,,,,"0=アドレス変換なし, 1=予約, 2=1段変換, 3=2段変換",,,,,,,,,,,,,,,,,,,,
0CB,203,,,IOSR Read,,SRIOSR,0011001011,O1,,Rd = IOSR,フラグを発生しない,,,,,,,,,,,,,,,,,,,,,,,,,,
0CC,204,,,Task ID(TID) Read,,SRTIDR,0011001100,O1,,Rd = TIDR,フラグを発生しない,,,,,,,,,,,,,,,,,,,,,,,,,,
0CD,205,○,,PPSR Read,,SRPPSR,0011001101,O1,,,フラグを発生しない,,,,,,,,,,,,,,,,,,,,,,,,,,
0CE,206,○,,PPCR Read,,SRPPCR,0011001110,O1,,,フラグを発生しない,,,,,,,,,,,,,,,,,,,,,,,,,,
0CF,207,,,,,,0011001111,O1,,,,,,,,,,,,,,,,,,,,,,,,,,,,,
0D0,208,,,PPDTR Read,,SRPPDTR,0011010000,O1,,,フラグを発生しない,,,,,,,,,,,,,,,,,,,,,,,,,,
0D1,209,,,PTIDR Read,,SRPTIDR,0011010001,O1,,,フラグを発生しない,,,,,,,,,,,,,,,,,,,,,,,,,,
0D2,210,,,,,,0011010010,,,,,,,,,,,,,,,,,,,,,,,,,,,,,,
0D3,211,○,,PSR Read,,SRPSR,0011010011,O1,,,フラグを発生しない,,,,,,,,,,,,,,,,,,,,,,,,,,
0D4,212,○,,"FRCR -> {FRCHR, FRCLR}",,SRFRCR,0011010100,C,,,フラグを発生しない,,,,,,,,,,,,,,,,,,,,,,,,,,
0D5,213,○,,FRCLR Read,,SRFRCLR,0011010101,O1,,,フラグを発生しない,,,,,,,,,,,,,,,,,,,,,,,,,,
0D6,214,○,,FRCHR Read,,SRFRCHR,0011010110,O1,,,フラグを発生しない,,,,,,,,,,,,,,,,,,,,,,,,,,
0D7,215,○,,PFLAGR Read,,SRPFLAGR,0011010111,O1,,Rd = SRPFLAGR,フラグを発生しない,,,,,,,,,,,,,,,,,,,,,,,,,,
0D8,216,○,,FI0R Read,,SRFI0R,0011011000,O1,,Rd = FI0R,フラグを発生しない,,,,,,,,,,,,,,,,,,,,,,,,,,
0D9,217,○,,FI1R Read,,SRFI1R,0011011001,O1,,Rd = FI1R,フラグを発生しない,,,,,,,,,,,,,,,,,,,,,,,,,,
0DA,218,,,,,,0011011010,,,,,,,,,,,,,,,,,,,,,,,,,,,,,,
0DB,219,,,,,,0011011011,,,,,,,,,,,,,,,,,,,,,,,,,,,,,,
0DC,220,,,,,,0011011100,,,,,,,,,,,,,,,,,,,,,,,,,,,,,,
0DD,221,,,,,,0011011101,,,,,,,,,,,,,,,,,,,,,,,,,,,,,,
0DE,222,,,,,,0011011110,,,,,,,,,,,,,,,,,,,,,,,,,,,,,,
0DF,223,,,,,,0011011111,,,,,,,,,,,,,,,,,,,,,,,,,,,,,,
0E0,224,○,System Register Write,Stack Point Register Write,,SRSPW,0011100000,O1,,SPR = Rd,フラグを発生しない,,,,,,,,,,,,,,,,,,,,,,,,,,
0E1,225,,,Page Directory Table Register Write,,SRPDTW,0011100001,O1,,,フラグを発生しない,,,カーネルモードのみ実行可能,,特権違反,,,,,,,,,,,,,,,,,,,,,
0E2,226,,,,,,0011100010,,,,フラグを発生しない,,,,,,,,,,,,,,,,,,,,,,,,,,
0E3,227,,,,,,0011100011,,,,,,,,,,,,,,,,,,,,,,,,,,,,,,
0E4,228,,,,,,0011100100,,,,,,,,,,,,,,,,,,,,,,,,,,,,,,
0E5,229,○,,Interrupt Enable Information Write,,SRIEIW,0011100101,O1,I11,mask(SR1) = (Rs & 0x00000004) >> 2,フラグを発生しない,,,ルートモードのみ実行可能,3,特権違反,1で許可,,,,,,,,,,,,,,,,,,,,
0E6,230,,,,,,0011100110,,,,,,,,,,,,,,,,,,,,,,,,,,,,,,
0E7,231,,,,,,0011100111,,,,,,,,,,,,,,,,,,,,,,,,,,,,,,
0E8,232,,,TISR Write ,,SRTISW,0011101000,O1,,TISPR = Rd,フラグを発生しない,,,ルートモードのみ実行可能,3,特権違反,,,,,,,,,,,,,,,,,,,,,
0E9,233,,,KPDTR Write,,SRKPDTW,0011101001,O1,,KPDTR = Rd,フラグを発生しない,,,ルートモードのみ実行可能,3,特権違反,,,,,,,,,,,,,,,,,,,,,
0EA,234,,,MMU Mode Write,,SRMMUW,0011101010,O1,I11,mask(SR1) = Rs & 0x00000011,フラグを発生しない,,,ルートモードのみ実行可能,3,特権違反,"0=アドレス変換なし, 1=予約, 2=1段変換, 3=2段変換",,,,,,,,,,,,,,,,,,,,
0EB,235,,,,,,0011101011,,,,,,,,,,,,,,,,,,,,,,,,,,,,,,
0EC,236,,,,,,0011101100,,,,,,,,,,,,,,,,,,,,,,,,,,,,,,
0ED,237,○,,PPSR Write,,SRPPSW,0011101101,O1,,,フラグを発生しない,,,,,,,,,,,,,,,,,,,,,,,,,,
0EE,238,○,,PPCR Write,,SRPPCW,0011101110,O1,,,フラグを発生しない,,,,,,,,,,,,,,,,,,,,,,,,,,
0EF,239,,,,,,0011101111,O1,,,,,,,,,,,,,,,,,,,,,,,,,,,,,
0F0,240,,,PPDTR Write,,SRPPDTW,0011110000,O1,,,フラグを発生しない,,,,,,,,,,,,,,,,,,,,,,,,,,
0F1,241,,,PTIDR Write,,SRPTIDW,0011110001,O1,,,フラグを発生しない,,,,,,,,,,,,,,,,,,,,,,,,,,
0F2,242,○,,IDTR Write,,SRIDTW,0011110010,O1,,,フラグを発生しない,,,,,,,,,,,,,,,,,,,,,,,,,,
0F3,243,○,,PSR Write,,SRPSW,0011110011,O1,,,フラグを発生しない,,,,,,,,,,,,,,,,,,,,,,,,,,
0F4,244,○,,"{FRCLR, FRCHR} -> FRCR",,SRFRCW,0011110100,C,,,フラグを発生しない,,,,,,,,,,,,,,,,,,,,,,,,,,
0F5,245,○,,FRCLR Write,,SRFRCLW,0011110101,O1,,,フラグを発生しない,,,,,,,,,,,,,,,,,,,,,,,,,,
0F6,246,○,,FRCHR Write,,SRFRCHW,0011110110,O1,,,フラグを発生しない,,,,,,,,,,,,,,,,,,,,,,,,,,
0F7,247,,,,,,0011110111,,,,,,,,,,,,,,,,,,,,,,,,,,,,,,
0F8,248,,,,,,0011111000,,,,,,,,,,,,,,,,,,,,,,,,,,,,,,
0F9,249,,,,,,0011111001,,,,,,,,,,,,,,,,,,,,,,,,,,,,,,
0FA,250,,,,,,0011111010,,,,,,,,,,,,,,,,,,,,,,,,,,,,,,
0FB,251,,,,,,0011111011,,,,,,,,,,,,,,,,,,,,,,,,,,,,,,
0FC,252,,,,,,0011111100,,,,,,,,,,,,,,,,,,,,,,,,,,,,,,
0FD,253,,,,,,0011111101,,,,,,,,,,,,,,,,,,,,,,,,,,,,,,
0FE,254,,,,,,0011111110,,,,,,,,,,,,,,,,,,,,,,,,,,,,,,
0FF,255,○,,SPR + Immediate,符号拡張　2bit左シフト,SRSPADD,0011111111,,CI16,SPR = SPR + signed immediate,フラグを発生しない,,,,,,,,,,,,,,,,,,,,,,,,,,
100,256,○,Other,No Operation,,NOP,0100000000,C,,No Operation,フラグを発生しない,,,,,,,,,,,,,,,,,,,,,,,,,,
101,257,,,pipline is halt,,HALT,0100000001,C,,Halt,フラグを発生しない,,,kernelモードのみ実行可能,3,特権違反,,,,,,,,,,,,,,,,,,,,,
102,258,○,,move data,,MOVE,0100000010,O2,,Rd = Rs,フラグを発生しない,,,,,,,,,,,,,,,,,,,,,,,,,,
103,259,○,,Move Programm Counter + Offset,符号拡張　2bit左シフト,MOVEPC,0100000011,O2,I11,Rd = Rs(Signed) + PC,フラグを発生しない,,,,,,,,,,,,,,,,,,,,,,,,,,
104,260,,,,,,0100000100,,,,,,,,,,,,,,,,,,,,,,,,,,,,,,
105,261,,,,,,0100000101,,,,,,,,,,,,,,,,,,,,,,,,,,,,,,
106,262,,,,,,0100000110,,,,,,,,,,,,,,,,,,,,,,,,,,,,,,
107,263,,,,,,0100000111,,,,,,,,,,,,,,,,,,,,,,,,,,,,,,
108,264,,,,,,0100001000,,,,,,,,,,,,,,,,,,,,,,,,,,,,,,
109,265,,,,,,0100001001,,,,,,,,,,,,,,,,,,,,,,,,,,,,,,
10A,266,,,,,,0100001010,,,,,,,,,,,,,,,,,,,,,,,,,,,,,,
10B,267,,,,,,0100001011,,,,,,,,,,,,,,,,,,,,,,,,,,,,,,
10C,268,,,,,,0100001100,,,,,,,,,,,,,,,,,,,,,,,,,,,,,,
10D,269,,,,,,0100001101,,,,,,,,,,,,,,,,,,,,,,,,,,,,,,
10E,270,,,,,,0100001110,,,,,,,,,,,,,,,,,,,,,,,,,,,,,,
10F,271,,,,,,0100001111,,,,,,,,,,,,,,,,,,,,,,,,,,,,,,
110,272,,,,,,0100010000,,,,,,,,,,,,,,,,,,,,,,,,,,,,,,
111,273,,,,,,0100010001,,,,,,,,,,,,,,,,,,,,,,,,,,,,,,
112,274,,,,,,0100010010,,,,,,,,,,,,,,,,,,,,,,,,,,,,,,
113,275,,,,,,0100010011,,,,,,,,,,,,,,,,,,,,,,,,,,,,,,
114,276,,,,,,0100010100,,,,,,,,,,,,,,,,,,,,,,,,,,,,,,
115,277,,,,,,0100010101,,,,,,,,,,,,,,,,,,,,,,,,,,,,,,
116,278,,,,,,0100010110,,,,,,,,,,,,,,,,,,,,,,,,,,,,,,
117,279,,,,,,0100010111,,,,,,,,,,,,,,,,,,,,,,,,,,,,,,
118,280,,,,,,0100011000,,,,,,,,,,,,,,,,,,,,,,,,,,,,,,
119,281,,,,,,0100011001,,,,,,,,,,,,,,,,,,,,,,,,,,,,,,
11A,282,,,,,,0100011010,,,,,,,,,,,,,,,,,,,,,,,,,,,,,,
11B,283,,,,,,0100011011,,,,,,,,,,,,,,,,,,,,,,,,,,,,,,
11C,284,,,,,,0100011100,,,,,,,,,,,,,,,,,,,,,,,,,,,,,,
11D,285,,,,,,0100011101,,,,,,,,,,,,,,,,,,,,,,,,,,,,,,
11E,286,,,,,,0100011110,,,,,,,,,,,,,,,,,,,,,,,,,,,,,,
11F,287,,,,,,0100011111,,,,,,,,,,,,,,,,,,,,,,,,,,,,,,
120,288,,OS & Interrupt Support,Software Interrupt ,,SWI,0100100000,,I11,"Software Interrupt, Interrupt Vector:Mask8bit(Rs)",フラグを発生しない,,,,,,,,,,,,,,,,,,,,,,,,,,
121,289,,,Test And Set,,TAS,0100100001,O2,I11,"tas gr[src0], mem[src1]",フラグを発生しない,,,,,,,,,,,,,,,,,,,,,,,,,,
122,290,○,,IDT Set,,IDTS,0100100010,C,,Set IDT,フラグを発生しない,,,カーネルモードのみ,,特権違反,IDTRの情報をもとにハードウェア割り込みの情報を内部レジスタに退避,,,,,,,,,,,,,,,,,,,,
123,291,,,Load Linked,,LDL,0100100011,,,,,,,,,,,,,,,,,,,,,,,,,,,,,,
124,292,,,Store Conditional,,STC,0100100100,,,,,,,,,,,,,,,,,,,,,,,,,,,,,,
125,293,,,,,,0100100101,,,,,,,,,,,,,,,,,,,,,,,,,,,,,,
126,294,,,,,,0100100110,,,,,,,,,,,,,,,,,,,,,,,,,,,,,,
127,295,,,,,,0100100111,,,,,,,,,,,,,,,,,,,,,,,,,,,,,,
128,296,,,,,,0100101000,,,,,,,,,,,,,,,,,,,,,,,,,,,,,,
129,297,,,,,,0100101001,,,,,,,,,,,,,,,,,,,,,,,,,,,,,,
12A,298,,,,,,0100101010,,,,,,,,,,,,,,,,,,,,,,,,,,,,,,
12B,299,,,,,,0100101011,,,,,,,,,,,,,,,,,,,,,,,,,,,,,,
12C,300,,,,,,0100101100,,,,,,,,,,,,,,,,,,,,,,,,,,,,,,
12D,301,,,,,,0100101101,,,,,,,,,,,,,,,,,,,,,,,,,,,,,,
12E,302,,,,,,0100101110,,,,,,,,,,,,,,,,,,,,,,,,,,,,,,
12F,303,,,,,,0100101111,,,,,,,,,,,,,,,,,,,,,,,,,,,,,,
130,304,,,,,,0100110000,,,,,,,,,,,,,,,,,,,,,,,,,,,,,,
131,305,,,,,,0100110001,,,,,,,,,,,,,,,,,,,,,,,,,,,,,,
132,306,,,,,,0100110010,,,,,,,,,,,,,,,,,,,,,,,,,,,,,,
133,307,,,,,,0100110011,,,,,,,,,,,,,,,,,,,,,,,,,,,,,,
134,308,,,,,,0100110100,,,,,,,,,,,,,,,,,,,,,,,,,,,,,,
135,309,,,,,,0100110101,,,,,,,,,,,,,,,,,,,,,,,,,,,,,,
136,310,,,,,,0100110110,,,,,,,,,,,,,,,,,,,,,,,,,,,,,,
137,311,,,,,,0100110111,,,,,,,,,,,,,,,,,,,,,,,,,,,,,,
138,312,,,,,,0100111000,,,,,,,,,,,,,,,,,,,,,,,,,,,,,,
139,313,,,,,,0100111001,,,,,,,,,,,,,,,,,,,,,,,,,,,,,,
13A,314,,,,,,0100111010,,,,,,,,,,,,,,,,,,,,,,,,,,,,,,
13B,315,,,,,,0100111011,,,,,,,,,,,,,,,,,,,,,,,,,,,,,,
13C,316,,,,,,0100111100,,,,,,,,,,,,,,,,,,,,,,,,,,,,,,
13D,317,,,,,,0100111101,,,,,,,,,,,,,,,,,,,,,,,,,,,,,,
13E,318,,,,,,0100111110,,,,,,,,,,,,,,,,,,,,,,,,,,,,,,
13F,319,,,,,,0100111111,,,,,,,,,,,,,,,,,,,,,,,,,,,,,,
140,320,,,,,,0101000000,,,,,,,,,,,,,,,,,,,,,,,,,,,,,,
141,321,,,,,,0101000001,,,,,,,,,,,,,,,,,,,,,,,,,,,,,,
142,322,,,,,,0101000010,,,,,,,,,,,,,,,,,,,,,,,,,,,,,,
143,323,,,,,,0101000011,,,,,,,,,,,,,,,,,,,,,,,,,,,,,,
144,324,,,,,,0101000100,,,,,,,,,,,,,,,,,,,,,,,,,,,,,,
145,325,,,,,,0101000101,,,,,,,,,,,,,,,,,,,,,,,,,,,,,,
146,326,,,,,,0101000110,,,,,,,,,,,,,,,,,,,,,,,,,,,,,,
147,327,,,,,,0101000111,,,,,,,,,,,,,,,,,,,,,,,,,,,,,,
148,328,,,,,,0101001000,,,,,,,,,,,,,,,,,,,,,,,,,,,,,,
149,329,,,,,,0101001001,,,,,,,,,,,,,,,,,,,,,,,,,,,,,,
14A,330,,,,,,0101001010,,,,,,,,,,,,,,,,,,,,,,,,,,,,,,
14B,331,,,,,,0101001011,,,,,,,,,,,,,,,,,,,,,,,,,,,,,,
14C,332,,,,,,0101001100,,,,,,,,,,,,,,,,,,,,,,,,,,,,,,
14D,333,,,,,,0101001101,,,,,,,,,,,,,,,,,,,,,,,,,,,,,,
14E,334,,,,,,0101001110,,,,,,,,,,,,,,,,,,,,,,,,,,,,,,
14F,335,,,,,,0101001111,,,,,,,,,,,,,,,,,,,,,,,,,,,,,,
150,336,,,,,,0101010000,,,,,,,,,,,,,,,,,,,,,,,,,,,,,,
151,337,,,,,,0101010001,,,,,,,,,,,,,,,,,,,,,,,,,,,,,,
152,338,,,,,,0101010010,,,,,,,,,,,,,,,,,,,,,,,,,,,,,,
153,339,,,,,,0101010011,,,,,,,,,,,,,,,,,,,,,,,,,,,,,,
154,340,,,,,,0101010100,,,,,,,,,,,,,,,,,,,,,,,,,,,,,,
155,341,,,,,,0101010101,,,,,,,,,,,,,,,,,,,,,,,,,,,,,,
156,342,,,,,,0101010110,,,,,,,,,,,,,,,,,,,,,,,,,,,,,,
157,343,,,,,,0101010111,,,,,,,,,,,,,,,,,,,,,,,,,,,,,,
158,344,,,,,,0101011000,,,,,,,,,,,,,,,,,,,,,,,,,,,,,,
159,345,,,,,,0101011001,,,,,,,,,,,,,,,,,,,,,,,,,,,,,,
15A,346,,,,,,0101011010,,,,,,,,,,,,,,,,,,,,,,,,,,,,,,
15B,347,,,,,,0101011011,,,,,,,,,,,,,,,,,,,,,,,,,,,,,,
15C,348,,,,,,0101011100,,,,,,,,,,,,,,,,,,,,,,,,,,,,,,
15D,349,,,,,,0101011101,,,,,,,,,,,,,,,,,,,,,,,,,,,,,,
15E,350,,,,,,0101011110,,,,,,,,,,,,,,,,,,,,,,,,,,,,,,
15F,351,,,,,,0101011111,,,,,,,,,,,,,,,,,,,,,,,,,,,,,,
160,352,,,,,,0101100000,,,,,,,,,,,,,,,,,,,,,,,,,,,,,,
161,353,,,,,,0101100001,,,,,,,,,,,,,,,,,,,,,,,,,,,,,,
162,354,,,,,,0101100010,,,,,,,,,,,,,,,,,,,,,,,,,,,,,,
163,355,,,,,,0101100011,,,,,,,,,,,,,,,,,,,,,,,,,,,,,,
164,356,,,,,,0101100100,,,,,,,,,,,,,,,,,,,,,,,,,,,,,,
165,357,,,,,,0101100101,,,,,,,,,,,,,,,,,,,,,,,,,,,,,,
166,358,,,,,,0101100110,,,,,,,,,,,,,,,,,,,,,,,,,,,,,,
167,359,,,,,,0101100111,,,,,,,,,,,,,,,,,,,,,,,,,,,,,,
168,360,,,,,,0101101000,,,,,,,,,,,,,,,,,,,,,,,,,,,,,,
169,361,,,,,,0101101001,,,,,,,,,,,,,,,,,,,,,,,,,,,,,,
16A,362,,,,,,0101101010,,,,,,,,,,,,,,,,,,,,,,,,,,,,,,
16B,363,,,,,,0101101011,,,,,,,,,,,,,,,,,,,,,,,,,,,,,,
16C,364,,,,,,0101101100,,,,,,,,,,,,,,,,,,,,,,,,,,,,,,
16D,365,,,,,,0101101101,,,,,,,,,,,,,,,,,,,,,,,,,,,,,,
16E,366,,,,,,0101101110,,,,,,,,,,,,,,,,,,,,,,,,,,,,,,
16F,367,,,,,,0101101111,,,,,,,,,,,,,,,,,,,,,,,,,,,,,,
170,368,,,,,,0101110000,,,,,,,,,,,,,,,,,,,,,,,,,,,,,,
171,369,,,,,,0101110001,,,,,,,,,,,,,,,,,,,,,,,,,,,,,,
172,370,,,,,,0101110010,,,,,,,,,,,,,,,,,,,,,,,,,,,,,,
173,371,,,,,,0101110011,,,,,,,,,,,,,,,,,,,,,,,,,,,,,,
174,372,,,,,,0101110100,,,,,,,,,,,,,,,,,,,,,,,,,,,,,,
175,373,,,,,,0101110101,,,,,,,,,,,,,,,,,,,,,,,,,,,,,,
176,374,,,,,,0101110110,,,,,,,,,,,,,,,,,,,,,,,,,,,,,,
177,375,,,,,,0101110111,,,,,,,,,,,,,,,,,,,,,,,,,,,,,,
178,376,,,,,,0101111000,,,,,,,,,,,,,,,,,,,,,,,,,,,,,,
179,377,,,,,,0101111001,,,,,,,,,,,,,,,,,,,,,,,,,,,,,,
17A,378,,,,,,0101111010,,,,,,,,,,,,,,,,,,,,,,,,,,,,,,
17B,379,,,,,,0101111011,,,,,,,,,,,,,,,,,,,,,,,,,,,,,,
17C,380,,,,,,0101111100,,,,,,,,,,,,,,,,,,,,,,,,,,,,,,
17D,381,,,,,,0101111101,,,,,,,,,,,,,,,,,,,,,,,,,,,,,,
17E,382,,,,,,0101111110,,,,,,,,,,,,,,,,,,,,,,,,,,,,,,
17F,383,,,,,,0101111111,,,,,,,,,,,,,,,,,,,,,,,,,,,,,,
180,384,,,,,,0110000000,,,,,,,,,,,,,,,,,,,,,,,,,,,,,,
181,385,,,,,,0110000001,,,,,,,,,,,,,,,,,,,,,,,,,,,,,,
182,386,,,,,,0110000010,,,,,,,,,,,,,,,,,,,,,,,,,,,,,,
183,387,,,,,,0110000011,,,,,,,,,,,,,,,,,,,,,,,,,,,,,,
184,388,,,,,,0110000100,,,,,,,,,,,,,,,,,,,,,,,,,,,,,,
185,389,,,,,,0110000101,,,,,,,,,,,,,,,,,,,,,,,,,,,,,,
186,390,,,,,,0110000110,,,,,,,,,,,,,,,,,,,,,,,,,,,,,,
187,391,,,,,,0110000111,,,,,,,,,,,,,,,,,,,,,,,,,,,,,,
188,392,,,,,,0110001000,,,,,,,,,,,,,,,,,,,,,,,,,,,,,,
189,393,,,,,,0110001001,,,,,,,,,,,,,,,,,,,,,,,,,,,,,,
18A,394,,,,,,0110001010,,,,,,,,,,,,,,,,,,,,,,,,,,,,,,
18B,395,,,,,,0110001011,,,,,,,,,,,,,,,,,,,,,,,,,,,,,,
18C,396,,,,,,0110001100,,,,,,,,,,,,,,,,,,,,,,,,,,,,,,
18D,397,,,,,,0110001101,,,,,,,,,,,,,,,,,,,,,,,,,,,,,,
18E,398,,,,,,0110001110,,,,,,,,,,,,,,,,,,,,,,,,,,,,,,
18F,399,,,,,,0110001111,,,,,,,,,,,,,,,,,,,,,,,,,,,,,,
190,400,,,,,,0110010000,,,,,,,,,,,,,,,,,,,,,,,,,,,,,,
191,401,,,,,,0110010001,,,,,,,,,,,,,,,,,,,,,,,,,,,,,,
192,402,,,,,,0110010010,,,,,,,,,,,,,,,,,,,,,,,,,,,,,,
193,403,,,,,,0110010011,,,,,,,,,,,,,,,,,,,,,,,,,,,,,,
194,404,,,,,,0110010100,,,,,,,,,,,,,,,,,,,,,,,,,,,,,,
195,405,,,,,,0110010101,,,,,,,,,,,,,,,,,,,,,,,,,,,,,,
196,406,,,,,,0110010110,,,,,,,,,,,,,,,,,,,,,,,,,,,,,,
197,407,,,,,,0110010111,,,,,,,,,,,,,,,,,,,,,,,,,,,,,,
198,408,,,,,,0110011000,,,,,,,,,,,,,,,,,,,,,,,,,,,,,,
199,409,,,,,,0110011001,,,,,,,,,,,,,,,,,,,,,,,,,,,,,,
19A,410,,,,,,0110011010,,,,,,,,,,,,,,,,,,,,,,,,,,,,,,
19B,411,,,,,,0110011011,,,,,,,,,,,,,,,,,,,,,,,,,,,,,,
19C,412,,,,,,0110011100,,,,,,,,,,,,,,,,,,,,,,,,,,,,,,
19D,413,,,,,,0110011101,,,,,,,,,,,,,,,,,,,,,,,,,,,,,,
19E,414,,,,,,0110011110,,,,,,,,,,,,,,,,,,,,,,,,,,,,,,
19F,415,,,,,,0110011111,,,,,,,,,,,,,,,,,,,,,,,,,,,,,,
1A0,416,,,,,,0110100000,,,,,,,,,,,,,,,,,,,,,,,,,,,,,,
1A1,417,,,,,,0110100001,,,,,,,,,,,,,,,,,,,,,,,,,,,,,,
1A2,418,,,,,,0110100010,,,,,,,,,,,,,,,,,,,,,,,,,,,,,,
1A3,419,,,,,,0110100011,,,,,,,,,,,,,,,,,,,,,,,,,,,,,,
1A4,420,,,,,,0110100100,,,,,,,,,,,,,,,,,,,,,,,,,,,,,,
1A5,421,,,,,,0110100101,,,,,,,,,,,,,,,,,,,,,,,,,,,,,,
1A6,422,,,,,,0110100110,,,,,,,,,,,,,,,,,,,,,,,,,,,,,,
1A7,423,,,,,,0110100111,,,,,,,,,,,,,,,,,,,,,,,,,,,,,,
1A8,424,,,,,,0110101000,,,,,,,,,,,,,,,,,,,,,,,,,,,,,,
1A9,425,,,,,,0110101001,,,,,,,,,,,,,,,,,,,,,,,,,,,,,,
1AA,426,,,,,,0110101010,,,,,,,,,,,,,,,,,,,,,,,,,,,,,,
1AB,427,,,,,,0110101011,,,,,,,,,,,,,,,,,,,,,,,,,,,,,,
1AC,428,,,,,,0110101100,,,,,,,,,,,,,,,,,,,,,,,,,,,,,,
1AD,429,,,,,,0110101101,,,,,,,,,,,,,,,,,,,,,,,,,,,,,,
1AE,430,,,,,,0110101110,,,,,,,,,,,,,,,,,,,,,,,,,,,,,,
1AF,431,,,,,,0110101111,,,,,,,,,,,,,,,,,,,,,,,,,,,,,,
1B0,432,,,,,,0110110000,,,,,,,,,,,,,,,,,,,,,,,,,,,,,,
1B1,433,,,,,,0110110001,,,,,,,,,,,,,,,,,,,,,,,,,,,,,,
1B2,434,,,,,,0110110010,,,,,,,,,,,,,,,,,,,,,,,,,,,,,,
1B3,435,,,,,,0110110011,,,,,,,,,,,,,,,,,,,,,,,,,,,,,,
1B4,436,,,,,,0110110100,,,,,,,,,,,,,,,,,,,,,,,,,,,,,,
1B5,437,,,,,,0110110101,,,,,,,,,,,,,,,,,,,,,,,,,,,,,,
1B6,438,,,,,,0110110110,,,,,,,,,,,,,,,,,,,,,,,,,,,,,,
1B7,439,,,,,,0110110111,,,,,,,,,,,,,,,,,,,,,,,,,,,,,,
1B8,440,,,,,,0110111000,,,,,,,,,,,,,,,,,,,,,,,,,,,,,,
1B9,441,,,,,,0110111001,,,,,,,,,,,,,,,,,,,,,,,,,,,,,,
1BA,442,,,,,,0110111010,,,,,,,,,,,,,,,,,,,,,,,,,,,,,,
1BB,443,,,,,,0110111011,,,,,,,,,,,,,,,,,,,,,,,,,,,,,,
1BC,444,,,,,,0110111100,,,,,,,,,,,,,,,,,,,,,,,,,,,,,,
1BD,445,,,,,,0110111101,,,,,,,,,,,,,,,,,,,,,,,,,,,,,,
1BE,446,,,,,,0110111110,,,,,,,,,,,,,,,,,,,,,,,,,,,,,,
1BF,447,,,,,,0110111111,,,,,,,,,,,,,,,,,,,,,,,,,,,,,,
1C0,448,,,,,,0111000000,,,,,,,,,,,,,,,,,,,,,,,,,,,,,,
1C1,449,,,,,,0111000001,,,,,,,,,,,,,,,,,,,,,,,,,,,,,,
1C2,450,,,,,,0111000010,,,,,,,,,,,,,,,,,,,,,,,,,,,,,,
1C3,451,,,,,,0111000011,,,,,,,,,,,,,,,,,,,,,,,,,,,,,,
1C4,452,,,,,,0111000100,,,,,,,,,,,,,,,,,,,,,,,,,,,,,,
1C5,453,,,,,,0111000101,,,,,,,,,,,,,,,,,,,,,,,,,,,,,,
1C6,454,,,,,,0111000110,,,,,,,,,,,,,,,,,,,,,,,,,,,,,,
1C7,455,,,,,,0111000111,,,,,,,,,,,,,,,,,,,,,,,,,,,,,,
1C8,456,,,,,,0111001000,,,,,,,,,,,,,,,,,,,,,,,,,,,,,,
1C9,457,,,,,,0111001001,,,,,,,,,,,,,,,,,,,,,,,,,,,,,,
1CA,458,,,,,,0111001010,,,,,,,,,,,,,,,,,,,,,,,,,,,,,,
1CB,459,,,,,,0111001011,,,,,,,,,,,,,,,,,,,,,,,,,,,,,,
1CC,460,,,,,,0111001100,,,,,,,,,,,,,,,,,,,,,,,,,,,,,,
1CD,461,,,,,,0111001101,,,,,,,,,,,,,,,,,,,,,,,,,,,,,,
1CE,462,,,,,,0111001110,,,,,,,,,,,,,,,,,,,,,,,,,,,,,,
1CF,463,,,,,,0111001111,,,,,,,,,,,,,,,,,,,,,,,,,,,,,,
1D0,464,,,,,,0111010000,,,,,,,,,,,,,,,,,,,,,,,,,,,,,,
1D1,465,,,,,,0111010001,,,,,,,,,,,,,,,,,,,,,,,,,,,,,,
1D2,466,,,,,,0111010010,,,,,,,,,,,,,,,,,,,,,,,,,,,,,,
1D3,467,,,,,,0111010011,,,,,,,,,,,,,,,,,,,,,,,,,,,,,,
1D4,468,,,,,,0111010100,,,,,,,,,,,,,,,,,,,,,,,,,,,,,,
1D5,469,,,,,,0111010101,,,,,,,,,,,,,,,,,,,,,,,,,,,,,,
1D6,470,,,,,,0111010110,,,,,,,,,,,,,,,,,,,,,,,,,,,,,,
1D7,471,,,,,,0111010111,,,,,,,,,,,,,,,,,,,,,,,,,,,,,,
1D8,472,,,,,,0111011000,,,,,,,,,,,,,,,,,,,,,,,,,,,,,,
1D9,473,,,,,,0111011001,,,,,,,,,,,,,,,,,,,,,,,,,,,,,,
1DA,474,,,,,,0111011010,,,,,,,,,,,,,,,,,,,,,,,,,,,,,,
1DB,475,,,,,,0111011011,,,,,,,,,,,,,,,,,,,,,,,,,,,,,,
1DC,476,,,,,,0111011100,,,,,,,,,,,,,,,,,,,,,,,,,,,,,,
1DD,477,,,,,,0111011101,,,,,,,,,,,,,,,,,,,,,,,,,,,,,,
1DE,478,,,,,,0111011110,,,,,,,,,,,,,,,,,,,,,,,,,,,,,,
1DF,479,,,,,,0111011111,,,,,,,,,,,,,,,,,,,,,,,,,,,,,,
1E0,480,,,,,,0111100000,,,,,,,,,,,,,,,,,,,,,,,,,,,,,,
1E1,481,,,,,,0111100001,,,,,,,,,,,,,,,,,,,,,,,,,,,,,,
1E2,482,,,,,,0111100010,,,,,,,,,,,,,,,,,,,,,,,,,,,,,,
1E3,483,,,,,,0111100011,,,,,,,,,,,,,,,,,,,,,,,,,,,,,,
1E4,484,,,,,,0111100100,,,,,,,,,,,,,,,,,,,,,,,,,,,,,,
1E5,485,,,,,,0111100101,,,,,,,,,,,,,,,,,,,,,,,,,,,,,,
1E6,486,,,,,,0111100110,,,,,,,,,,,,,,,,,,,,,,,,,,,,,,
1E7,487,,,,,,0111100111,,,,,,,,,,,,,,,,,,,,,,,,,,,,,,
1E8,488,,,,,,0111101000,,,,,,,,,,,,,,,,,,,,,,,,,,,,,,
1E9,489,,,,,,0111101001,,,,,,,,,,,,,,,,,,,,,,,,,,,,,,
1EA,490,,,,,,0111101010,,,,,,,,,,,,,,,,,,,,,,,,,,,,,,
1EB,491,,,,,,0111101011,,,,,,,,,,,,,,,,,,,,,,,,,,,,,,
1EC,492,,,,,,0111101100,,,,,,,,,,,,,,,,,,,,,,,,,,,,,,
1ED,493,,,,,,0111101101,,,,,,,,,,,,,,,,,,,,,,,,,,,,,,
1EE,494,,,,,,0111101110,,,,,,,,,,,,,,,,,,,,,,,,,,,,,,
1EF,495,,,,,,0111101111,,,,,,,,,,,,,,,,,,,,,,,,,,,,,,
1F0,496,,,,,,0111110000,,,,,,,,,,,,,,,,,,,,,,,,,,,,,,
1F1,497,,,,,,0111110001,,,,,,,,,,,,,,,,,,,,,,,,,,,,,,
1F2,498,,,,,,0111110010,,,,,,,,,,,,,,,,,,,,,,,,,,,,,,
1F3,499,,,,,,0111110011,,,,,,,,,,,,,,,,,,,,,,,,,,,,,,
1F4,500,,,,,,0111110100,,,,,,,,,,,,,,,,,,,,,,,,,,,,,,
1F5,501,,,,,,0111110101,,,,,,,,,,,,,,,,,,,,,,,,,,,,,,
1F6,502,,,,,,0111110110,,,,,,,,,,,,,,,,,,,,,,,,,,,,,,
1F7,503,,,,,,0111110111,,,,,,,,,,,,,,,,,,,,,,,,,,,,,,
1F8,504,,,,,,0111111000,,,,,,,,,,,,,,,,,,,,,,,,,,,,,,
1F9,505,,,,,,0111111001,,,,,,,,,,,,,,,,,,,,,,,,,,,,,,
1FA,506,,,,,,0111111010,,,,,,,,,,,,,,,,,,,,,,,,,,,,,,
1FB,507,,,,,,0111111011,,,,,,,,,,,,,,,,,,,,,,,,,,,,,,
1FC,508,,,,,,0111111100,,,,,,,,,,,,,,,,,,,,,,,,,,,,,,
1FD,509,,,,,,0111111101,,,,,,,,,,,,,,,,,,,,,,,,,,,,,,
1FE,510,,,,,,0111111110,,,,,,,,,,,,,,,,,,,,,,,,,,,,,,
1FF,511,,,,,,0111111111,,,,,,,,,,,,,,,,,,,,,,,,,,,,,,
200,512,,,,,,,,,,,,,,,,,,,,,,,,,,,,,,,,,,,,
201,513,,,,,,,,,,,,,,,,,,,,,,,,,,,,,,,,,,,,
202,514,,,,,,,,,,,,,,,,,,,,,,,,,,,,,,,,,,,,
203,515,,,,,,,,,,,,,,,,,,,,,,,,,,,,,,,,,,,,
204,516,,,,,,,,,,,,,,,,,,,,,,,,,,,,,,,,,,,,
205,517,,,,,,,,,,,,,,,,,,,,,,,,,,,,,,,,,,,,
206,518,,,,,,,,,,,,,,,,,,,,,,,,,,,,,,,,,,,,
207,519,,,,,,,,,,,,,,,,,,,,,,,,,,,,,,,,,,,,
208,520,,,,,,,,,,,,,,,,,,,,,,,,,,,,,,,,,,,,
209,521,,,,,,,,,,,,,,,,,,,,,,,,,,,,,,,,,,,,
20A,522,,,,,,,,,,,,,,,,,,,,,,,,,,,,,,,,,,,,
20B,523,,,,,,,,,,,,,,,,,,,,,,,,,,,,,,,,,,,,
20C,524,,,,,,,,,,,,,,,,,,,,,,,,,,,,,,,,,,,,
20D,525,,,,,,,,,,,,,,,,,,,,,,,,,,,,,,,,,,,,
20E,526,,,,,,,,,,,,,,,,,,,,,,,,,,,,,,,,,,,,
20F,527,,,,,,,,,,,,,,,,,,,,,,,,,,,,,,,,,,,,
210,528,,,,,,,,,,,,,,,,,,,,,,,,,,,,,,,,,,,,
211,529,,,,,,,,,,,,,,,,,,,,,,,,,,,,,,,,,,,,
212,530,,,,,,,,,,,,,,,,,,,,,,,,,,,,,,,,,,,,
213,531,,,,,,,,,,,,,,,,,,,,,,,,,,,,,,,,,,,,
214,532,,,,,,,,,,,,,,,,,,,,,,,,,,,,,,,,,,,,
215,533,,,,,,,,,,,,,,,,,,,,,,,,,,,,,,,,,,,,
216,534,,,,,,,,,,,,,,,,,,,,,,,,,,,,,,,,,,,,
217,535,,,,,,,,,,,,,,,,,,,,,,,,,,,,,,,,,,,,
218,536,,,,,,,,,,,,,,,,,,,,,,,,,,,,,,,,,,,,
219,537,,,,,,,,,,,,,,,,,,,,,,,,,,,,,,,,,,,,
21A,538,,,,,,,,,,,,,,,,,,,,,,,,,,,,,,,,,,,,
21B,539,,,,,,,,,,,,,,,,,,,,,,,,,,,,,,,,,,,,
21C,540,,,,,,,,,,,,,,,,,,,,,,,,,,,,,,,,,,,,
21D,541,,,,,,,,,,,,,,,,,,,,,,,,,,,,,,,,,,,,
21E,542,,,,,,,,,,,,,,,,,,,,,,,,,,,,,,,,,,,,
21F,543,,,,,,,,,,,,,,,,,,,,,,,,,,,,,,,,,,,,
220,544,,,,,,,,,,,,,,,,,,,,,,,,,,,,,,,,,,,,
221,545,,,,,,,,,,,,,,,,,,,,,,,,,,,,,,,,,,,,
222,546,,,,,,,,,,,,,,,,,,,,,,,,,,,,,,,,,,,,
223,547,,,,,,,,,,,,,,,,,,,,,,,,,,,,,,,,,,,,
224,548,,,,,,,,,,,,,,,,,,,,,,,,,,,,,,,,,,,,
225,549,,,,,,,,,,,,,,,,,,,,,,,,,,,,,,,,,,,,
226,550,,,,,,,,,,,,,,,,,,,,,,,,,,,,,,,,,,,,
227,551,,,,,,,,,,,,,,,,,,,,,,,,,,,,,,,,,,,,
228,552,,,,,,,,,,,,,,,,,,,,,,,,,,,,,,,,,,,,
229,553,,,,,,,,,,,,,,,,,,,,,,,,,,,,,,,,,,,,
22A,554,,,,,,,,,,,,,,,,,,,,,,,,,,,,,,,,,,,,
22B,555,,,,,,,,,,,,,,,,,,,,,,,,,,,,,,,,,,,,
22C,556,,,,,,,,,,,,,,,,,,,,,,,,,,,,,,,,,,,,
22D,557,,,,,,,,,,,,,,,,,,,,,,,,,,,,,,,,,,,,
22E,558,,,,,,,,,,,,,,,,,,,,,,,,,,,,,,,,,,,,
22F,559,,,,,,,,,,,,,,,,,,,,,,,,,,,,,,,,,,,,
230,560,,,,,,,,,,,,,,,,,,,,,,,,,,,,,,,,,,,,
231,561,,,,,,,,,,,,,,,,,,,,,,,,,,,,,,,,,,,,
232,562,,,,,,,,,,,,,,,,,,,,,,,,,,,,,,,,,,,,
233,563,,,,,,,,,,,,,,,,,,,,,,,,,,,,,,,,,,,,
234,564,,,,,,,,,,,,,,,,,,,,,,,,,,,,,,,,,,,,
235,565,,,,,,,,,,,,,,,,,,,,,,,,,,,,,,,,,,,,
236,566,,,,,,,,,,,,,,,,,,,,,,,,,,,,,,,,,,,,
237,567,,,,,,,,,,,,,,,,,,,,,,,,,,,,,,,,,,,,
238,568,,,,,,,,,,,,,,,,,,,,,,,,,,,,,,,,,,,,
239,569,,,,,,,,,,,,,,,,,,,,,,,,,,,,,,,,,,,,
23A,570,,,,,,,,,,,,,,,,,,,,,,,,,,,,,,,,,,,,
23B,571,,,,,,,,,,,,,,,,,,,,,,,,,,,,,,,,,,,,
23C,572,,,,,,,,,,,,,,,,,,,,,,,,,,,,,,,,,,,,
23D,573,,,,,,,,,,,,,,,,,,,,,,,,,,,,,,,,,,,,
23E,574,,,,,,,,,,,,,,,,,,,,,,,,,,,,,,,,,,,,
23F,575,,,,,,,,,,,,,,,,,,,,,,,,,,,,,,,,,,,,
240,576,,,,,,,,,,,,,,,,,,,,,,,,,,,,,,,,,,,,
241,577,,,,,,,,,,,,,,,,,,,,,,,,,,,,,,,,,,,,
242,578,,,,,,,,,,,,,,,,,,,,,,,,,,,,,,,,,,,,
243,579,,,,,,,,,,,,,,,,,,,,,,,,,,,,,,,,,,,,
244,580,,,,,,,,,,,,,,,,,,,,,,,,,,,,,,,,,,,,
245,581,,,,,,,,,,,,,,,,,,,,,,,,,,,,,,,,,,,,
246,582,,,,,,,,,,,,,,,,,,,,,,,,,,,,,,,,,,,,
247,583,,,,,,,,,,,,,,,,,,,,,,,,,,,,,,,,,,,,
248,584,,,,,,,,,,,,,,,,,,,,,,,,,,,,,,,,,,,,
249,585,,,,,,,,,,,,,,,,,,,,,,,,,,,,,,,,,,,,
24A,586,,,,,,,,,,,,,,,,,,,,,,,,,,,,,,,,,,,,
24B,587,,,,,,,,,,,,,,,,,,,,,,,,,,,,,,,,,,,,
24C,588,,,,,,,,,,,,,,,,,,,,,,,,,,,,,,,,,,,,
24D,589,,,,,,,,,,,,,,,,,,,,,,,,,,,,,,,,,,,,
24E,590,,,,,,,,,,,,,,,,,,,,,,,,,,,,,,,,,,,,
24F,591,,,,,,,,,,,,,,,,,,,,,,,,,,,,,,,,,,,,
250,592,,,,,,,,,,,,,,,,,,,,,,,,,,,,,,,,,,,,
251,593,,,,,,,,,,,,,,,,,,,,,,,,,,,,,,,,,,,,
252,594,,,,,,,,,,,,,,,,,,,,,,,,,,,,,,,,,,,,
253,595,,,,,,,,,,,,,,,,,,,,,,,,,,,,,,,,,,,,
254,596,,,,,,,,,,,,,,,,,,,,,,,,,,,,,,,,,,,,
255,597,,,,,,,,,,,,,,,,,,,,,,,,,,,,,,,,,,,,
256,598,,,,,,,,,,,,,,,,,,,,,,,,,,,,,,,,,,,,
257,599,,,,,,,,,,,,,,,,,,,,,,,,,,,,,,,,,,,,
258,600,,,,,,,,,,,,,,,,,,,,,,,,,,,,,,,,,,,,
259,601,,,,,,,,,,,,,,,,,,,,,,,,,,,,,,,,,,,,
25A,602,,,,,,,,,,,,,,,,,,,,,,,,,,,,,,,,,,,,
25B,603,,,,,,,,,,,,,,,,,,,,,,,,,,,,,,,,,,,,
25C,604,,,,,,,,,,,,,,,,,,,,,,,,,,,,,,,,,,,,
25D,605,,,,,,,,,,,,,,,,,,,,,,,,,,,,,,,,,,,,
25E,606,,,,,,,,,,,,,,,,,,,,,,,,,,,,,,,,,,,,
25F,607,,,,,,,,,,,,,,,,,,,,,,,,,,,,,,,,,,,,
260,608,,,,,,,,,,,,,,,,,,,,,,,,,,,,,,,,,,,,
261,609,,,,,,,,,,,,,,,,,,,,,,,,,,,,,,,,,,,,
262,610,,,,,,,,,,,,,,,,,,,,,,,,,,,,,,,,,,,,
263,611,,,,,,,,,,,,,,,,,,,,,,,,,,,,,,,,,,,,
264,612,,,,,,,,,,,,,,,,,,,,,,,,,,,,,,,,,,,,
265,613,,,,,,,,,,,,,,,,,,,,,,,,,,,,,,,,,,,,
266,614,,,,,,,,,,,,,,,,,,,,,,,,,,,,,,,,,,,,
267,615,,,,,,,,,,,,,,,,,,,,,,,,,,,,,,,,,,,,
268,616,,,,,,,,,,,,,,,,,,,,,,,,,,,,,,,,,,,,
269,617,,,,,,,,,,,,,,,,,,,,,,,,,,,,,,,,,,,,
26A,618,,,,,,,,,,,,,,,,,,,,,,,,,,,,,,,,,,,,
26B,619,,,,,,,,,,,,,,,,,,,,,,,,,,,,,,,,,,,,
26C,620,,,,,,,,,,,,,,,,,,,,,,,,,,,,,,,,,,,,
26D,621,,,,,,,,,,,,,,,,,,,,,,,,,,,,,,,,,,,,
26E,622,,,,,,,,,,,,,,,,,,,,,,,,,,,,,,,,,,,,
26F,623,,,,,,,,,,,,,,,,,,,,,,,,,,,,,,,,,,,,
270,624,,,,,,,,,,,,,,,,,,,,,,,,,,,,,,,,,,,,
271,625,,,,,,,,,,,,,,,,,,,,,,,,,,,,,,,,,,,,
272,626,,,,,,,,,,,,,,,,,,,,,,,,,,,,,,,,,,,,
273,627,,,,,,,,,,,,,,,,,,,,,,,,,,,,,,,,,,,,
274,628,,,,,,,,,,,,,,,,,,,,,,,,,,,,,,,,,,,,
275,629,,,,,,,,,,,,,,,,,,,,,,,,,,,,,,,,,,,,
276,630,,,,,,,,,,,,,,,,,,,,,,,,,,,,,,,,,,,,
277,631,,,,,,,,,,,,,,,,,,,,,,,,,,,,,,,,,,,,
278,632,,,,,,,,,,,,,,,,,,,,,,,,,,,,,,,,,,,,
279,633,,,,,,,,,,,,,,,,,,,,,,,,,,,,,,,,,,,,
27A,634,,,,,,,,,,,,,,,,,,,,,,,,,,,,,,,,,,,,
27B,635,,,,,,,,,,,,,,,,,,,,,,,,,,,,,,,,,,,,
27C,636,,,,,,,,,,,,,,,,,,,,,,,,,,,,,,,,,,,,
27D,637,,,,,,,,,,,,,,,,,,,,,,,,,,,,,,,,,,,,
27E,638,,,,,,,,,,,,,,,,,,,,,,,,,,,,,,,,,,,,
27F,639,,,,,,,,,,,,,,,,,,,,,,,,,,,,,,,,,,,,
280,640,,,,,,,,,,,,,,,,,,,,,,,,,,,,,,,,,,,,
281,641,,,,,,,,,,,,,,,,,,,,,,,,,,,,,,,,,,,,
282,642,,,,,,,,,,,,,,,,,,,,,,,,,,,,,,,,,,,,
283,643,,,,,,,,,,,,,,,,,,,,,,,,,,,,,,,,,,,,
284,644,,,,,,,,,,,,,,,,,,,,,,,,,,,,,,,,,,,,
285,645,,,,,,,,,,,,,,,,,,,,,,,,,,,,,,,,,,,,
286,646,,,,,,,,,,,,,,,,,,,,,,,,,,,,,,,,,,,,
287,647,,,,,,,,,,,,,,,,,,,,,,,,,,,,,,,,,,,,
288,648,,,,,,,,,,,,,,,,,,,,,,,,,,,,,,,,,,,,
289,649,,,,,,,,,,,,,,,,,,,,,,,,,,,,,,,,,,,,
28A,650,,,,,,,,,,,,,,,,,,,,,,,,,,,,,,,,,,,,
28B,651,,,,,,,,,,,,,,,,,,,,,,,,,,,,,,,,,,,,
28C,652,,,,,,,,,,,,,,,,,,,,,,,,,,,,,,,,,,,,
28D,653,,,,,,,,,,,,,,,,,,,,,,,,,,,,,,,,,,,,
28E,654,,,,,,,,,,,,,,,,,,,,,,,,,,,,,,,,,,,,
28F,655,,,,,,,,,,,,,,,,,,,,,,,,,,,,,,,,,,,,
290,656,,,,,,,,,,,,,,,,,,,,,,,,,,,,,,,,,,,,
291,657,,,,,,,,,,,,,,,,,,,,,,,,,,,,,,,,,,,,
292,658,,,,,,,,,,,,,,,,,,,,,,,,,,,,,,,,,,,,
293,659,,,,,,,,,,,,,,,,,,,,,,,,,,,,,,,,,,,,
294,660,,,,,,,,,,,,,,,,,,,,,,,,,,,,,,,,,,,,
295,661,,,,,,,,,,,,,,,,,,,,,,,,,,,,,,,,,,,,
296,662,,,,,,,,,,,,,,,,,,,,,,,,,,,,,,,,,,,,
297,663,,,,,,,,,,,,,,,,,,,,,,,,,,,,,,,,,,,,
298,664,,,,,,,,,,,,,,,,,,,,,,,,,,,,,,,,,,,,
299,665,,,,,,,,,,,,,,,,,,,,,,,,,,,,,,,,,,,,
29A,666,,,,,,,,,,,,,,,,,,,,,,,,,,,,,,,,,,,,
29B,667,,,,,,,,,,,,,,,,,,,,,,,,,,,,,,,,,,,,
29C,668,,,,,,,,,,,,,,,,,,,,,,,,,,,,,,,,,,,,
29D,669,,,,,,,,,,,,,,,,,,,,,,,,,,,,,,,,,,,,
29E,670,,,,,,,,,,,,,,,,,,,,,,,,,,,,,,,,,,,,
29F,671,,,,,,,,,,,,,,,,,,,,,,,,,,,,,,,,,,,,
2A0,672,,,,,,,,,,,,,,,,,,,,,,,,,,,,,,,,,,,,
2A1,673,,,,,,,,,,,,,,,,,,,,,,,,,,,,,,,,,,,,
2A2,674,,,,,,,,,,,,,,,,,,,,,,,,,,,,,,,,,,,,
2A3,675,,,,,,,,,,,,,,,,,,,,,,,,,,,,,,,,,,,,
2A4,676,,,,,,,,,,,,,,,,,,,,,,,,,,,,,,,,,,,,
2A5,677,,,,,,,,,,,,,,,,,,,,,,,,,,,,,,,,,,,,
2A6,678,,,,,,,,,,,,,,,,,,,,,,,,,,,,,,,,,,,,
2A7,679,,,,,,,,,,,,,,,,,,,,,,,,,,,,,,,,,,,,
2A8,680,,,,,,,,,,,,,,,,,,,,,,,,,,,,,,,,,,,,
2A9,681,,,,,,,,,,,,,,,,,,,,,,,,,,,,,,,,,,,,
2AA,682,,,,,,,,,,,,,,,,,,,,,,,,,,,,,,,,,,,,
2AB,683,,,,,,,,,,,,,,,,,,,,,,,,,,,,,,,,,,,,
2AC,684,,,,,,,,,,,,,,,,,,,,,,,,,,,,,,,,,,,,
2AD,685,,,,,,,,,,,,,,,,,,,,,,,,,,,,,,,,,,,,
2AE,686,,,,,,,,,,,,,,,,,,,,,,,,,,,,,,,,,,,,
2AF,687,,,,,,,,,,,,,,,,,,,,,,,,,,,,,,,,,,,,
2B0,688,,,,,,,,,,,,,,,,,,,,,,,,,,,,,,,,,,,,
2B1,689,,,,,,,,,,,,,,,,,,,,,,,,,,,,,,,,,,,,
2B2,690,,,,,,,,,,,,,,,,,,,,,,,,,,,,,,,,,,,,
2B3,691,,,,,,,,,,,,,,,,,,,,,,,,,,,,,,,,,,,,
2B4,692,,,,,,,,,,,,,,,,,,,,,,,,,,,,,,,,,,,,
2B5,693,,,,,,,,,,,,,,,,,,,,,,,,,,,,,,,,,,,,
2B6,694,,,,,,,,,,,,,,,,,,,,,,,,,,,,,,,,,,,,
2B7,695,,,,,,,,,,,,,,,,,,,,,,,,,,,,,,,,,,,,
2B8,696,,,,,,,,,,,,,,,,,,,,,,,,,,,,,,,,,,,,
2B9,697,,,,,,,,,,,,,,,,,,,,,,,,,,,,,,,,,,,,
2BA,698,,,,,,,,,,,,,,,,,,,,,,,,,,,,,,,,,,,,
2BB,699,,,,,,,,,,,,,,,,,,,,,,,,,,,,,,,,,,,,
2BC,700,,,,,,,,,,,,,,,,,,,,,,,,,,,,,,,,,,,,
2BD,701,,,,,,,,,,,,,,,,,,,,,,,,,,,,,,,,,,,,
2BE,702,,,,,,,,,,,,,,,,,,,,,,,,,,,,,,,,,,,,
2BF,703,,,,,,,,,,,,,,,,,,,,,,,,,,,,,,,,,,,,
2C0,704,,,,,,,,,,,,,,,,,,,,,,,,,,,,,,,,,,,,
2C1,705,,,,,,,,,,,,,,,,,,,,,,,,,,,,,,,,,,,,
2C2,706,,,,,,,,,,,,,,,,,,,,,,,,,,,,,,,,,,,,
2C3,707,,,,,,,,,,,,,,,,,,,,,,,,,,,,,,,,,,,,
2C4,708,,,,,,,,,,,,,,,,,,,,,,,,,,,,,,,,,,,,
2C5,709,,,,,,,,,,,,,,,,,,,,,,,,,,,,,,,,,,,,
2C6,710,,,,,,,,,,,,,,,,,,,,,,,,,,,,,,,,,,,,
2C7,711,,,,,,,,,,,,,,,,,,,,,,,,,,,,,,,,,,,,
2C8,712,,,,,,,,,,,,,,,,,,,,,,,,,,,,,,,,,,,,
2C9,713,,,,,,,,,,,,,,,,,,,,,,,,,,,,,,,,,,,,
2CA,714,,,,,,,,,,,,,,,,,,,,,,,,,,,,,,,,,,,,
2CB,715,,,,,,,,,,,,,,,,,,,,,,,,,,,,,,,,,,,,
2CC,716,,,,,,,,,,,,,,,,,,,,,,,,,,,,,,,,,,,,
2CD,717,,,,,,,,,,,,,,,,,,,,,,,,,,,,,,,,,,,,
2CE,718,,,,,,,,,,,,,,,,,,,,,,,,,,,,,,,,,,,,
2CF,719,,,,,,,,,,,,,,,,,,,,,,,,,,,,,,,,,,,,
2D0,720,,,,,,,,,,,,,,,,,,,,,,,,,,,,,,,,,,,,
2D1,721,,,,,,,,,,,,,,,,,,,,,,,,,,,,,,,,,,,,
2D2,722,,,,,,,,,,,,,,,,,,,,,,,,,,,,,,,,,,,,
2D3,723,,,,,,,,,,,,,,,,,,,,,,,,,,,,,,,,,,,,
2D4,724,,,,,,,,,,,,,,,,,,,,,,,,,,,,,,,,,,,,
2D5,725,,,,,,,,,,,,,,,,,,,,,,,,,,,,,,,,,,,,
2D6,726,,,,,,,,,,,,,,,,,,,,,,,,,,,,,,,,,,,,
2D7,727,,,,,,,,,,,,,,,,,,,,,,,,,,,,,,,,,,,,
2D8,728,,,,,,,,,,,,,,,,,,,,,,,,,,,,,,,,,,,,
2D9,729,,,,,,,,,,,,,,,,,,,,,,,,,,,,,,,,,,,,
2DA,730,,,,,,,,,,,,,,,,,,,,,,,,,,,,,,,,,,,,
2DB,731,,,,,,,,,,,,,,,,,,,,,,,,,,,,,,,,,,,,
2DC,732,,,,,,,,,,,,,,,,,,,,,,,,,,,,,,,,,,,,
2DD,733,,,,,,,,,,,,,,,,,,,,,,,,,,,,,,,,,,,,
2DE,734,,,,,,,,,,,,,,,,,,,,,,,,,,,,,,,,,,,,
2DF,735,,,,,,,,,,,,,,,,,,,,,,,,,,,,,,,,,,,,
2E0,736,,,,,,,,,,,,,,,,,,,,,,,,,,,,,,,,,,,,
2E1,737,,,,,,,,,,,,,,,,,,,,,,,,,,,,,,,,,,,,
2E2,738,,,,,,,,,,,,,,,,,,,,,,,,,,,,,,,,,,,,
2E3,739,,,,,,,,,,,,,,,,,,,,,,,,,,,,,,,,,,,,
2E4,740,,,,,,,,,,,,,,,,,,,,,,,,,,,,,,,,,,,,
2E5,741,,,,,,,,,,,,,,,,,,,,,,,,,,,,,,,,,,,,
2E6,742,,,,,,,,,,,,,,,,,,,,,,,,,,,,,,,,,,,,
2E7,743,,,,,,,,,,,,,,,,,,,,,,,,,,,,,,,,,,,,
2E8,744,,,,,,,,,,,,,,,,,,,,,,,,,,,,,,,,,,,,
2E9,745,,,,,,,,,,,,,,,,,,,,,,,,,,,,,,,,,,,,
2EA,746,,,,,,,,,,,,,,,,,,,,,,,,,,,,,,,,,,,,
2EB,747,,,,,,,,,,,,,,,,,,,,,,,,,,,,,,,,,,,,
2EC,748,,,,,,,,,,,,,,,,,,,,,,,,,,,,,,,,,,,,
2ED,749,,,,,,,,,,,,,,,,,,,,,,,,,,,,,,,,,,,,
2EE,750,,,,,,,,,,,,,,,,,,,,,,,,,,,,,,,,,,,,
2EF,751,,,,,,,,,,,,,,,,,,,,,,,,,,,,,,,,,,,,
2F0,752,,,,,,,,,,,,,,,,,,,,,,,,,,,,,,,,,,,,
2F1,753,,,,,,,,,,,,,,,,,,,,,,,,,,,,,,,,,,,,
2F2,754,,,,,,,,,,,,,,,,,,,,,,,,,,,,,,,,,,,,
2F3,755,,,,,,,,,,,,,,,,,,,,,,,,,,,,,,,,,,,,
2F4,756,,,,,,,,,,,,,,,,,,,,,,,,,,,,,,,,,,,,
2F5,757,,,,,,,,,,,,,,,,,,,,,,,,,,,,,,,,,,,,
2F6,758,,,,,,,,,,,,,,,,,,,,,,,,,,,,,,,,,,,,
2F7,759,,,,,,,,,,,,,,,,,,,,,,,,,,,,,,,,,,,,
2F8,760,,,,,,,,,,,,,,,,,,,,,,,,,,,,,,,,,,,,
2F9,761,,,,,,,,,,,,,,,,,,,,,,,,,,,,,,,,,,,,
2FA,762,,,,,,,,,,,,,,,,,,,,,,,,,,,,,,,,,,,,
2FB,763,,,,,,,,,,,,,,,,,,,,,,,,,,,,,,,,,,,,
2FC,764,,,,,,,,,,,,,,,,,,,,,,,,,,,,,,,,,,,,
2FD,765,,,,,,,,,,,,,,,,,,,,,,,,,,,,,,,,,,,,
2FE,766,,,,,,,,,,,,,,,,,,,,,,,,,,,,,,,,,,,,
2FF,767,,,,,,,,,,,,,,,,,,,,,,,,,,,,,,,,,,,,
300,768,,,,,,,,,,,,,,,,,,,,,,,,,,,,,,,,,,,,
301,769,,,,,,,,,,,,,,,,,,,,,,,,,,,,,,,,,,,,
302,770,,,,,,,,,,,,,,,,,,,,,,,,,,,,,,,,,,,,
303,771,,,,,,,,,,,,,,,,,,,,,,,,,,,,,,,,,,,,
304,772,,,,,,,,,,,,,,,,,,,,,,,,,,,,,,,,,,,,
305,773,,,,,,,,,,,,,,,,,,,,,,,,,,,,,,,,,,,,
306,774,,,,,,,,,,,,,,,,,,,,,,,,,,,,,,,,,,,,
307,775,,,,,,,,,,,,,,,,,,,,,,,,,,,,,,,,,,,,
308,776,,,,,,,,,,,,,,,,,,,,,,,,,,,,,,,,,,,,
309,777,,,,,,,,,,,,,,,,,,,,,,,,,,,,,,,,,,,,
30A,778,,,,,,,,,,,,,,,,,,,,,,,,,,,,,,,,,,,,
30B,779,,,,,,,,,,,,,,,,,,,,,,,,,,,,,,,,,,,,
30C,780,,,,,,,,,,,,,,,,,,,,,,,,,,,,,,,,,,,,
30D,781,,,,,,,,,,,,,,,,,,,,,,,,,,,,,,,,,,,,
30E,782,,,,,,,,,,,,,,,,,,,,,,,,,,,,,,,,,,,,
30F,783,,,,,,,,,,,,,,,,,,,,,,,,,,,,,,,,,,,,
310,784,,,,,,,,,,,,,,,,,,,,,,,,,,,,,,,,,,,,
311,785,,,,,,,,,,,,,,,,,,,,,,,,,,,,,,,,,,,,
312,786,,,,,,,,,,,,,,,,,,,,,,,,,,,,,,,,,,,,
313,787,,,,,,,,,,,,,,,,,,,,,,,,,,,,,,,,,,,,
314,788,,,,,,,,,,,,,,,,,,,,,,,,,,,,,,,,,,,,
315,789,,,,,,,,,,,,,,,,,,,,,,,,,,,,,,,,,,,,
316,790,,,,,,,,,,,,,,,,,,,,,,,,,,,,,,,,,,,,
317,791,,,,,,,,,,,,,,,,,,,,,,,,,,,,,,,,,,,,
318,792,,,,,,,,,,,,,,,,,,,,,,,,,,,,,,,,,,,,
319,793,,,,,,,,,,,,,,,,,,,,,,,,,,,,,,,,,,,,
31A,794,,,,,,,,,,,,,,,,,,,,,,,,,,,,,,,,,,,,
31B,795,,,,,,,,,,,,,,,,,,,,,,,,,,,,,,,,,,,,
31C,796,,,,,,,,,,,,,,,,,,,,,,,,,,,,,,,,,,,,
31D,797,,,,,,,,,,,,,,,,,,,,,,,,,,,,,,,,,,,,
31E,798,,,,,,,,,,,,,,,,,,,,,,,,,,,,,,,,,,,,
31F,799,,,,,,,,,,,,,,,,,,,,,,,,,,,,,,,,,,,,
320,800,,,,,,,,,,,,,,,,,,,,,,,,,,,,,,,,,,,,
321,801,,,,,,,,,,,,,,,,,,,,,,,,,,,,,,,,,,,,
322,802,,,,,,,,,,,,,,,,,,,,,,,,,,,,,,,,,,,,
323,803,,,,,,,,,,,,,,,,,,,,,,,,,,,,,,,,,,,,
324,804,,,,,,,,,,,,,,,,,,,,,,,,,,,,,,,,,,,,
325,805,,,,,,,,,,,,,,,,,,,,,,,,,,,,,,,,,,,,
326,806,,,,,,,,,,,,,,,,,,,,,,,,,,,,,,,,,,,,
327,807,,,,,,,,,,,,,,,,,,,,,,,,,,,,,,,,,,,,
328,808,,,,,,,,,,,,,,,,,,,,,,,,,,,,,,,,,,,,
329,809,,,,,,,,,,,,,,,,,,,,,,,,,,,,,,,,,,,,
32A,810,,,,,,,,,,,,,,,,,,,,,,,,,,,,,,,,,,,,
32B,811,,,,,,,,,,,,,,,,,,,,,,,,,,,,,,,,,,,,
32C,812,,,,,,,,,,,,,,,,,,,,,,,,,,,,,,,,,,,,
32D,813,,,,,,,,,,,,,,,,,,,,,,,,,,,,,,,,,,,,
32E,814,,,,,,,,,,,,,,,,,,,,,,,,,,,,,,,,,,,,
32F,815,,,,,,,,,,,,,,,,,,,,,,,,,,,,,,,,,,,,
330,816,,,,,,,,,,,,,,,,,,,,,,,,,,,,,,,,,,,,
331,817,,,,,,,,,,,,,,,,,,,,,,,,,,,,,,,,,,,,
332,818,,,,,,,,,,,,,,,,,,,,,,,,,,,,,,,,,,,,
333,819,,,,,,,,,,,,,,,,,,,,,,,,,,,,,,,,,,,,
334,820,,,,,,,,,,,,,,,,,,,,,,,,,,,,,,,,,,,,
335,821,,,,,,,,,,,,,,,,,,,,,,,,,,,,,,,,,,,,
336,822,,,,,,,,,,,,,,,,,,,,,,,,,,,,,,,,,,,,
337,823,,,,,,,,,,,,,,,,,,,,,,,,,,,,,,,,,,,,
338,824,,,,,,,,,,,,,,,,,,,,,,,,,,,,,,,,,,,,
339,825,,,,,,,,,,,,,,,,,,,,,,,,,,,,,,,,,,,,
33A,826,,,,,,,,,,,,,,,,,,,,,,,,,,,,,,,,,,,,
33B,827,,,,,,,,,,,,,,,,,,,,,,,,,,,,,,,,,,,,
33C,828,,,,,,,,,,,,,,,,,,,,,,,,,,,,,,,,,,,,
33D,829,,,,,,,,,,,,,,,,,,,,,,,,,,,,,,,,,,,,
33E,830,,,,,,,,,,,,,,,,,,,,,,,,,,,,,,,,,,,,
33F,831,,,,,,,,,,,,,,,,,,,,,,,,,,,,,,,,,,,,
340,832,,,,,,,,,,,,,,,,,,,,,,,,,,,,,,,,,,,,
341,833,,,,,,,,,,,,,,,,,,,,,,,,,,,,,,,,,,,,
342,834,,,,,,,,,,,,,,,,,,,,,,,,,,,,,,,,,,,,
343,835,,,,,,,,,,,,,,,,,,,,,,,,,,,,,,,,,,,,
344,836,,,,,,,,,,,,,,,,,,,,,,,,,,,,,,,,,,,,
345,837,,,,,,,,,,,,,,,,,,,,,,,,,,,,,,,,,,,,
346,838,,,,,,,,,,,,,,,,,,,,,,,,,,,,,,,,,,,,
347,839,,,,,,,,,,,,,,,,,,,,,,,,,,,,,,,,,,,,
348,840,,,,,,,,,,,,,,,,,,,,,,,,,,,,,,,,,,,,
349,841,,,,,,,,,,,,,,,,,,,,,,,,,,,,,,,,,,,,
34A,842,,,,,,,,,,,,,,,,,,,,,,,,,,,,,,,,,,,,
34B,843,,,,,,,,,,,,,,,,,,,,,,,,,,,,,,,,,,,,
34C,844,,,,,,,,,,,,,,,,,,,,,,,,,,,,,,,,,,,,
34D,845,,,,,,,,,,,,,,,,,,,,,,,,,,,,,,,,,,,,
34E,846,,,,,,,,,,,,,,,,,,,,,,,,,,,,,,,,,,,,
34F,847,,,,,,,,,,,,,,,,,,,,,,,,,,,,,,,,,,,,
350,848,,,,,,,,,,,,,,,,,,,,,,,,,,,,,,,,,,,,
351,849,,,,,,,,,,,,,,,,,,,,,,,,,,,,,,,,,,,,
352,850,,,,,,,,,,,,,,,,,,,,,,,,,,,,,,,,,,,,
353,851,,,,,,,,,,,,,,,,,,,,,,,,,,,,,,,,,,,,
354,852,,,,,,,,,,,,,,,,,,,,,,,,,,,,,,,,,,,,
355,853,,,,,,,,,,,,,,,,,,,,,,,,,,,,,,,,,,,,
356,854,,,,,,,,,,,,,,,,,,,,,,,,,,,,,,,,,,,,
357,855,,,,,,,,,,,,,,,,,,,,,,,,,,,,,,,,,,,,
358,856,,,,,,,,,,,,,,,,,,,,,,,,,,,,,,,,,,,,
359,857,,,,,,,,,,,,,,,,,,,,,,,,,,,,,,,,,,,,
35A,858,,,,,,,,,,,,,,,,,,,,,,,,,,,,,,,,,,,,
35B,859,,,,,,,,,,,,,,,,,,,,,,,,,,,,,,,,,,,,
35C,860,,,,,,,,,,,,,,,,,,,,,,,,,,,,,,,,,,,,
35D,861,,,,,,,,,,,,,,,,,,,,,,,,,,,,,,,,,,,,
35E,862,,,,,,,,,,,,,,,,,,,,,,,,,,,,,,,,,,,,
35F,863,,,,,,,,,,,,,,,,,,,,,,,,,,,,,,,,,,,,
360,864,,,,,,,,,,,,,,,,,,,,,,,,,,,,,,,,,,,,
361,865,,,,,,,,,,,,,,,,,,,,,,,,,,,,,,,,,,,,
362,866,,,,,,,,,,,,,,,,,,,,,,,,,,,,,,,,,,,,
363,867,,,,,,,,,,,,,,,,,,,,,,,,,,,,,,,,,,,,
364,868,,,,,,,,,,,,,,,,,,,,,,,,,,,,,,,,,,,,
365,869,,,,,,,,,,,,,,,,,,,,,,,,,,,,,,,,,,,,
366,870,,,,,,,,,,,,,,,,,,,,,,,,,,,,,,,,,,,,
367,871,,,,,,,,,,,,,,,,,,,,,,,,,,,,,,,,,,,,
368,872,,,,,,,,,,,,,,,,,,,,,,,,,,,,,,,,,,,,
369,873,,,,,,,,,,,,,,,,,,,,,,,,,,,,,,,,,,,,
36A,874,,,,,,,,,,,,,,,,,,,,,,,,,,,,,,,,,,,,
36B,875,,,,,,,,,,,,,,,,,,,,,,,,,,,,,,,,,,,,
36C,876,,,,,,,,,,,,,,,,,,,,,,,,,,,,,,,,,,,,
36D,877,,,,,,,,,,,,,,,,,,,,,,,,,,,,,,,,,,,,
36E,878,,,,,,,,,,,,,,,,,,,,,,,,,,,,,,,,,,,,
36F,879,,,,,,,,,,,,,,,,,,,,,,,,,,,,,,,,,,,,
370,880,,,,,,,,,,,,,,,,,,,,,,,,,,,,,,,,,,,,
371,881,,,,,,,,,,,,,,,,,,,,,,,,,,,,,,,,,,,,
372,882,,,,,,,,,,,,,,,,,,,,,,,,,,,,,,,,,,,,
373,883,,,,,,,,,,,,,,,,,,,,,,,,,,,,,,,,,,,,
374,884,,,,,,,,,,,,,,,,,,,,,,,,,,,,,,,,,,,,
375,885,,,,,,,,,,,,,,,,,,,,,,,,,,,,,,,,,,,,
376,886,,,,,,,,,,,,,,,,,,,,,,,,,,,,,,,,,,,,
377,887,,,,,,,,,,,,,,,,,,,,,,,,,,,,,,,,,,,,
378,888,,,,,,,,,,,,,,,,,,,,,,,,,,,,,,,,,,,,
379,889,,,,,,,,,,,,,,,,,,,,,,,,,,,,,,,,,,,,
37A,890,,,,,,,,,,,,,,,,,,,,,,,,,,,,,,,,,,,,
37B,891,,,,,,,,,,,,,,,,,,,,,,,,,,,,,,,,,,,,
37C,892,,,,,,,,,,,,,,,,,,,,,,,,,,,,,,,,,,,,
37D,893,,,,,,,,,,,,,,,,,,,,,,,,,,,,,,,,,,,,
37E,894,,,,,,,,,,,,,,,,,,,,,,,,,,,,,,,,,,,,
37F,895,,,,,,,,,,,,,,,,,,,,,,,,,,,,,,,,,,,,
380,896,,,,,,,,,,,,,,,,,,,,,,,,,,,,,,,,,,,,
381,897,,,,,,,,,,,,,,,,,,,,,,,,,,,,,,,,,,,,
382,898,,,,,,,,,,,,,,,,,,,,,,,,,,,,,,,,,,,,
383,899,,,,,,,,,,,,,,,,,,,,,,,,,,,,,,,,,,,,
384,900,,,,,,,,,,,,,,,,,,,,,,,,,,,,,,,,,,,,
385,901,,,,,,,,,,,,,,,,,,,,,,,,,,,,,,,,,,,,
386,902,,,,,,,,,,,,,,,,,,,,,,,,,,,,,,,,,,,,
387,903,,,,,,,,,,,,,,,,,,,,,,,,,,,,,,,,,,,,
388,904,,,,,,,,,,,,,,,,,,,,,,,,,,,,,,,,,,,,
389,905,,,,,,,,,,,,,,,,,,,,,,,,,,,,,,,,,,,,
38A,906,,,,,,,,,,,,,,,,,,,,,,,,,,,,,,,,,,,,
38B,907,,,,,,,,,,,,,,,,,,,,,,,,,,,,,,,,,,,,
38C,908,,,,,,,,,,,,,,,,,,,,,,,,,,,,,,,,,,,,
38D,909,,,,,,,,,,,,,,,,,,,,,,,,,,,,,,,,,,,,
38E,910,,,,,,,,,,,,,,,,,,,,,,,,,,,,,,,,,,,,
38F,911,,,,,,,,,,,,,,,,,,,,,,,,,,,,,,,,,,,,
390,912,,,,,,,,,,,,,,,,,,,,,,,,,,,,,,,,,,,,
391,913,,,,,,,,,,,,,,,,,,,,,,,,,,,,,,,,,,,,
392,914,,,,,,,,,,,,,,,,,,,,,,,,,,,,,,,,,,,,
393,915,,,,,,,,,,,,,,,,,,,,,,,,,,,,,,,,,,,,
394,916,,,,,,,,,,,,,,,,,,,,,,,,,,,,,,,,,,,,
395,917,,,,,,,,,,,,,,,,,,,,,,,,,,,,,,,,,,,,
396,918,,,,,,,,,,,,,,,,,,,,,,,,,,,,,,,,,,,,
397,919,,,,,,,,,,,,,,,,,,,,,,,,,,,,,,,,,,,,
398,920,,,,,,,,,,,,,,,,,,,,,,,,,,,,,,,,,,,,
399,921,,,,,,,,,,,,,,,,,,,,,,,,,,,,,,,,,,,,
39A,922,,,,,,,,,,,,,,,,,,,,,,,,,,,,,,,,,,,,
39B,923,,,,,,,,,,,,,,,,,,,,,,,,,,,,,,,,,,,,
39C,924,,,,,,,,,,,,,,,,,,,,,,,,,,,,,,,,,,,,
39D,925,,,,,,,,,,,,,,,,,,,,,,,,,,,,,,,,,,,,
39E,926,,,,,,,,,,,,,,,,,,,,,,,,,,,,,,,,,,,,
39F,927,,,,,,,,,,,,,,,,,,,,,,,,,,,,,,,,,,,,
3A0,928,,,,,,,,,,,,,,,,,,,,,,,,,,,,,,,,,,,,
3A1,929,,,,,,,,,,,,,,,,,,,,,,,,,,,,,,,,,,,,
3A2,930,,,,,,,,,,,,,,,,,,,,,,,,,,,,,,,,,,,,
3A3,931,,,,,,,,,,,,,,,,,,,,,,,,,,,,,,,,,,,,
3A4,932,,,,,,,,,,,,,,,,,,,,,,,,,,,,,,,,,,,,
3A5,933,,,,,,,,,,,,,,,,,,,,,,,,,,,,,,,,,,,,
3A6,934,,,,,,,,,,,,,,,,,,,,,,,,,,,,,,,,,,,,
3A7,935,,,,,,,,,,,,,,,,,,,,,,,,,,,,,,,,,,,,
3A8,936,,,,,,,,,,,,,,,,,,,,,,,,,,,,,,,,,,,,
3A9,937,,,,,,,,,,,,,,,,,,,,,,,,,,,,,,,,,,,,
3AA,938,,,,,,,,,,,,,,,,,,,,,,,,,,,,,,,,,,,,
3AB,939,,,,,,,,,,,,,,,,,,,,,,,,,,,,,,,,,,,,
3AC,940,,,,,,,,,,,,,,,,,,,,,,,,,,,,,,,,,,,,
3AD,941,,,,,,,,,,,,,,,,,,,,,,,,,,,,,,,,,,,,
3AE,942,,,,,,,,,,,,,,,,,,,,,,,,,,,,,,,,,,,,
3AF,943,,,,,,,,,,,,,,,,,,,,,,,,,,,,,,,,,,,,
3B0,944,,,,,,,,,,,,,,,,,,,,,,,,,,,,,,,,,,,,
3B1,945,,,,,,,,,,,,,,,,,,,,,,,,,,,,,,,,,,,,
3B2,946,,,,,,,,,,,,,,,,,,,,,,,,,,,,,,,,,,,,
3B3,947,,,,,,,,,,,,,,,,,,,,,,,,,,,,,,,,,,,,
3B4,948,,,,,,,,,,,,,,,,,,,,,,,,,,,,,,,,,,,,
3B5,949,,,,,,,,,,,,,,,,,,,,,,,,,,,,,,,,,,,,
3B6,950,,,,,,,,,,,,,,,,,,,,,,,,,,,,,,,,,,,,
3B7,951,,,,,,,,,,,,,,,,,,,,,,,,,,,,,,,,,,,,
3B8,952,,,,,,,,,,,,,,,,,,,,,,,,,,,,,,,,,,,,
3B9,953,,,,,,,,,,,,,,,,,,,,,,,,,,,,,,,,,,,,
3BA,954,,,,,,,,,,,,,,,,,,,,,,,,,,,,,,,,,,,,
3BB,955,,,,,,,,,,,,,,,,,,,,,,,,,,,,,,,,,,,,
3BC,956,,,,,,,,,,,,,,,,,,,,,,,,,,,,,,,,,,,,
3BD,957,,,,,,,,,,,,,,,,,,,,,,,,,,,,,,,,,,,,
3BE,958,,,,,,,,,,,,,,,,,,,,,,,,,,,,,,,,,,,,
3BF,959,,,,,,,,,,,,,,,,,,,,,,,,,,,,,,,,,,,,
3C0,960,,,,,,,,,,,,,,,,,,,,,,,,,,,,,,,,,,,,
3C1,961,,,,,,,,,,,,,,,,,,,,,,,,,,,,,,,,,,,,
3C2,962,,,,,,,,,,,,,,,,,,,,,,,,,,,,,,,,,,,,
3C3,963,,,,,,,,,,,,,,,,,,,,,,,,,,,,,,,,,,,,
3C4,964,,,,,,,,,,,,,,,,,,,,,,,,,,,,,,,,,,,,
3C5,965,,,,,,,,,,,,,,,,,,,,,,,,,,,,,,,,,,,,
3C6,966,,,,,,,,,,,,,,,,,,,,,,,,,,,,,,,,,,,,
3C7,967,,,,,,,,,,,,,,,,,,,,,,,,,,,,,,,,,,,,
3C8,968,,,,,,,,,,,,,,,,,,,,,,,,,,,,,,,,,,,,
3C9,969,,,,,,,,,,,,,,,,,,,,,,,,,,,,,,,,,,,,
3CA,970,,,,,,,,,,,,,,,,,,,,,,,,,,,,,,,,,,,,
3CB,971,,,,,,,,,,,,,,,,,,,,,,,,,,,,,,,,,,,,
3CC,972,,,,,,,,,,,,,,,,,,,,,,,,,,,,,,,,,,,,
3CD,973,,,,,,,,,,,,,,,,,,,,,,,,,,,,,,,,,,,,
3CE,974,,,,,,,,,,,,,,,,,,,,,,,,,,,,,,,,,,,,
3CF,975,,,,,,,,,,,,,,,,,,,,,,,,,,,,,,,,,,,,
3D0,976,,,,,,,,,,,,,,,,,,,,,,,,,,,,,,,,,,,,
3D1,977,,,,,,,,,,,,,,,,,,,,,,,,,,,,,,,,,,,,
3D2,978,,,,,,,,,,,,,,,,,,,,,,,,,,,,,,,,,,,,
3D3,979,,,,,,,,,,,,,,,,,,,,,,,,,,,,,,,,,,,,
3D4,980,,,,,,,,,,,,,,,,,,,,,,,,,,,,,,,,,,,,
3D5,981,,,,,,,,,,,,,,,,,,,,,,,,,,,,,,,,,,,,
3D6,982,,,,,,,,,,,,,,,,,,,,,,,,,,,,,,,,,,,,
3D7,983,,,,,,,,,,,,,,,,,,,,,,,,,,,,,,,,,,,,
3D8,984,,,,,,,,,,,,,,,,,,,,,,,,,,,,,,,,,,,,
3D9,985,,,,,,,,,,,,,,,,,,,,,,,,,,,,,,,,,,,,
3DA,986,,,,,,,,,,,,,,,,,,,,,,,,,,,,,,,,,,,,
3DB,987,,,,,,,,,,,,,,,,,,,,,,,,,,,,,,,,,,,,
3DC,988,,,,,,,,,,,,,,,,,,,,,,,,,,,,,,,,,,,,
3DD,989,,,,,,,,,,,,,,,,,,,,,,,,,,,,,,,,,,,,
3DE,990,,,,,,,,,,,,,,,,,,,,,,,,,,,,,,,,,,,,
3DF,991,,,,,,,,,,,,,,,,,,,,,,,,,,,,,,,,,,,,
3E0,992,,,,,,,,,,,,,,,,,,,,,,,,,,,,,,,,,,,,
3E1,993,,,,,,,,,,,,,,,,,,,,,,,,,,,,,,,,,,,,
3E2,994,,,,,,,,,,,,,,,,,,,,,,,,,,,,,,,,,,,,
3E3,995,,,,,,,,,,,,,,,,,,,,,,,,,,,,,,,,,,,,
3E4,996,,,,,,,,,,,,,,,,,,,,,,,,,,,,,,,,,,,,
3E5,997,,,,,,,,,,,,,,,,,,,,,,,,,,,,,,,,,,,,
3E6,998,,,,,,,,,,,,,,,,,,,,,,,,,,,,,,,,,,,,
3E7,999,,,,,,,,,,,,,,,,,,,,,,,,,,,,,,,,,,,,
3E8,1000,,,,,,,,,,,,,,,,,,,,,,,,,,,,,,,,,,,,
3E9,1001,,,,,,,,,,,,,,,,,,,,,,,,,,,,,,,,,,,,
3EA,1002,,,,,,,,,,,,,,,,,,,,,,,,,,,,,,,,,,,,
3EB,1003,,,,,,,,,,,,,,,,,,,,,,,,,,,,,,,,,,,,
3EC,1004,,,,,,,,,,,,,,,,,,,,,,,,,,,,,,,,,,,,
3ED,1005,,,,,,,,,,,,,,,,,,,,,,,,,,,,,,,,,,,,
3EE,1006,,,,,,,,,,,,,,,,,,,,,,,,,,,,,,,,,,,,
3EF,1007,,,,,,,,,,,,,,,,,,,,,,,,,,,,,,,,,,,,
3F0,1008,,,,,,,,,,,,,,,,,,,,,,,,,,,,,,,,,,,,
3F1,1009,,,,,,,,,,,,,,,,,,,,,,,,,,,,,,,,,,,,
3F2,1010,,,,,,,,,,,,,,,,,,,,,,,,,,,,,,,,,,,,
3F3,1011,,,,,,,,,,,,,,,,,,,,,,,,,,,,,,,,,,,,
3F4,1012,,,,,,,,,,,,,,,,,,,,,,,,,,,,,,,,,,,,
3F5,1013,,,,,,,,,,,,,,,,,,,,,,,,,,,,,,,,,,,,
3F6,1014,,,,,,,,,,,,,,,,,,,,,,,,,,,,,,,,,,,,
3F7,1015,,,,,,,,,,,,,,,,,,,,,,,,,,,,,,,,,,,,
3F8,1016,,,,,,,,,,,,,,,,,,,,,,,,,,,,,,,,,,,,
3F9,1017,,,,,,,,,,,,,,,,,,,,,,,,,,,,,,,,,,,,
3FA,1018,,,,,,,,,,,,,,,,,,,,,,,,,,,,,,,,,,,,
3FB,1019,,,,,,,,,,,,,,,,,,,,,,,,,,,,,,,,,,,,
3FC,1020,,,,,,,,,,,,,,,,,,,,,,,,,,,,,,,,,,,,
3FD,1021,,,,,,,,,,,,,,,,,,,,,,,,,,,,,,,,,,,,
3FE,1022,,,,,,,,,,,,,,,,,,,,,,,,,,,,,,,,,,,,
3FF,1023,,,,,,,,,,,,,,,,,,,,,,,,,,,,,,,,,,,,
,,,,,,,,,,,,,,,,,,,,,,,,,,,,,,,,,,,,,
